gene_id	GSM4280001
ENSG00000075624	25
ENSG00000111640	17
ENSG00000166710	53
ENSG00000165704	348
ENSG00000256269	1242
ENSG00000073578	189
ENSG00000112592	29
ENSG00000089157	37
ENSG00000164924	565
ENSG00000196262	2890
ENSG00000109373	234
ENSG00000139648	8
ENSG00000137940	22
ENSG00000113793	1682
ENSG00000216504	167
ENSG00000226771	7
ENSG00000208319	181
ENSG00000186442	20
ENSG00000138679	56
ENSG00000183643	54
ENSG00000221870	38
ENSG00000241656	468
ENSG00000146972	97
ENSG00000195349	32
ENSG00000149512	244
ENSG00000138503	607
ENSG00000119021	10
ENSG00000214608	83
ENSG00000101713	21
ENSG00000165887	53
ENSG00000143587	10
ENSG00000156457	200
ENSG00000128438	140
ENSG00000210036	70
ENSG00000183427	26
ENSG00000194920	113
ENSG00000247684	16
ENSG00000237598	6
ENSG00000125239	161
ENSG00000213296	25
ENSG00000149610	1562
ENSG00000201759	433
ENSG00000106945	1
ENSG00000178906	392
ENSG00000146753	21
ENSG00000121397	152
ENSG00000161657	163
ENSG00000213765	3
ENSG00000142787	87
ENSG00000157552	64
ENSG00000112461	398
ENSG00000132060	13
ENSG00000108566	1021
ENSG00000243849	8
ENSG00000197862	114
ENSG00000225172	31
ENSG00000114452	2743
ENSG00000216566	206
ENSG00000137925	12584
ENSG00000113983	259
ENSG00000226338	1004
ENSG00000210167	524
ENSG00000228913	34
ENSG00000170559	116
ENSG00000243106	3155
ENSG00000223018	55
ENSG00000245946	323
ENSG00000154370	250
ENSG00000111148	496
ENSG00000185034	62
ENSG00000119294	138
ENSG00000138743	330
ENSG00000154075	148
ENSG00000127620	25
ENSG00000217374	799
ENSG00000122398	14
ENSG00000210656	15
ENSG00000217360	11
ENSG00000108910	962
ENSG00000211087	74
ENSG00000189281	26
ENSG00000221310	23
ENSG00000169230	361
ENSG00000136361	14
ENSG00000201811	11
ENSG00000174746	335
ENSG00000239533	10
ENSG00000249259	72
ENSG00000186042	50
ENSG00000121962	55
ENSG00000198557	81
ENSG00000100047	4306
ENSG00000172904	49
ENSG00000240765	13
ENSG00000184062	2
ENSG00000205598	90
ENSG00000144960	106
ENSG00000239788	319
ENSG00000246601	57
ENSG00000207496	43
ENSG00000144824	51
ENSG00000147955	73
ENSG00000128723	312
ENSG00000192858	67
ENSG00000157022	144
ENSG00000188555	4788
ENSG00000156663	149
ENSG00000197310	5
ENSG00000225427	7654
ENSG00000128582	197
ENSG00000138390	27
ENSG00000169130	1111
ENSG00000166674	169
ENSG00000161916	29
ENSG00000209480	58
ENSG00000157421	28
ENSG00000140093	248
ENSG00000112246	1073
ENSG00000100153	104
ENSG00000232958	456
ENSG00000171611	7905
ENSG00000119217	9
ENSG00000220741	199
ENSG00000195709	86
ENSG00000168339	15
ENSG00000168766	17
ENSG00000146351	93
ENSG00000203731	464
ENSG00000236226	49
ENSG00000108020	189
ENSG00000107496	622
ENSG00000197408	235
ENSG00000183207	715
ENSG00000211737	390
ENSG00000192753	295
ENSG00000219805	4005
ENSG00000109039	512
ENSG00000133475	148
ENSG00000174463	444
ENSG00000168975	25
ENSG00000237123	68
ENSG00000203415	557
ENSG00000247640	595
ENSG00000190424	2294
ENSG00000232521	134
ENSG00000211801	6
ENSG00000158867	10416
ENSG00000173245	1528
ENSG00000154014	17
ENSG00000192819	2095
ENSG00000136100	217
ENSG00000231455	2
ENSG00000216836	86
ENSG00000112841	17
ENSG00000213819	5119
ENSG00000223375	40
ENSG00000205768	74
ENSG00000190595	132
ENSG00000133877	59
ENSG00000143659	26
ENSG00000164921	191
ENSG00000193130	1680
ENSG00000215670	446
ENSG00000186114	28
ENSG00000123581	7
ENSG00000222967	259
ENSG00000111520	33
ENSG00000211491	58
ENSG00000150629	5
ENSG00000112835	6338
ENSG00000142970	420
ENSG00000201650	24
ENSG00000224912	1174
ENSG00000245860	2825
ENSG00000153699	2
ENSG00000157130	63
ENSG00000216987	51
ENSG00000222500	500
ENSG00000213433	88
ENSG00000155532	135
ENSG00000248098	45
ENSG00000215673	4424
ENSG00000116074	13434
ENSG00000243789	46
ENSG00000182288	28
ENSG00000228499	36571
ENSG00000211949	29
ENSG00000181144	34
ENSG00000122183	176
ENSG00000129402	578
ENSG00000218857	1660
ENSG00000199416	188
ENSG00000107853	28
ENSG00000213124	351
ENSG00000189720	418
ENSG00000122506	6901
ENSG00000111926	82
ENSG00000183544	6
ENSG00000134825	9
ENSG00000136275	3239
ENSG00000219675	74
ENSG00000235390	3
ENSG00000122737	73
ENSG00000205426	199
ENSG00000198485	1362
ENSG00000248078	9
ENSG00000161076	297
ENSG00000163460	676
ENSG00000175100	23
ENSG00000100642	112
ENSG00000173879	6151
ENSG00000110153	5166
ENSG00000114971	1280
ENSG00000127428	145
ENSG00000200086	2085
ENSG00000246543	74
ENSG00000231277	131
ENSG00000103143	36
ENSG00000217435	139
ENSG00000207797	124
ENSG00000114597	18483
ENSG00000227057	117
ENSG00000151958	1636
ENSG00000203466	2229
ENSG00000119104	87
ENSG00000199113	1293
ENSG00000162633	0
ENSG00000117832	118
ENSG00000216087	614
ENSG00000235852	1
ENSG00000203705	10
ENSG00000151660	1112
ENSG00000177692	161
ENSG00000122375	23
ENSG00000195326	78
ENSG00000142980	39
ENSG00000133195	908
ENSG00000246142	271
ENSG00000176263	55
ENSG00000241149	41
ENSG00000141991	157
ENSG00000103487	1938
ENSG00000239334	191
ENSG00000238263	674
ENSG00000239168	114
ENSG00000179382	16
ENSG00000126539	24
ENSG00000197052	400
ENSG00000151599	180
ENSG00000220757	28
ENSG00000111276	1
ENSG00000233582	80
ENSG00000190817	62
ENSG00000122698	40
ENSG00000223042	58
ENSG00000239107	278
ENSG00000207106	160
ENSG00000130055	753
ENSG00000235902	1093
ENSG00000204193	1299
ENSG00000198289	794
ENSG00000164002	70
ENSG00000126202	176
ENSG00000213889	427
ENSG00000169768	87
ENSG00000159701	344
ENSG00000237497	1403
ENSG00000242047	32
ENSG00000172961	4
ENSG00000109798	1426
ENSG00000204450	194
ENSG00000220073	508
ENSG00000152777	4
ENSG00000244641	4037
ENSG00000224483	813
ENSG00000104547	140
ENSG00000121939	46
ENSG00000181104	101
ENSG00000110984	166
ENSG00000242437	103
ENSG00000156050	4
ENSG00000198932	2236
ENSG00000167601	115
ENSG00000121415	151
ENSG00000246738	242
ENSG00000165605	0
ENSG00000118523	451
ENSG00000182711	128
ENSG00000143463	77
ENSG00000106298	141
ENSG00000170785	17
ENSG00000111874	621
ENSG00000107097	44
ENSG00000102220	22
ENSG00000124794	41
ENSG00000154772	218
ENSG00000157376	619
ENSG00000172149	44
ENSG00000122691	13
ENSG00000222511	1375
ENSG00000184861	12
ENSG00000187816	1666
ENSG00000148155	120
ENSG00000178972	28
ENSG00000116900	31
ENSG00000117233	291
ENSG00000129086	682
ENSG00000190215	74
ENSG00000176788	965
ENSG00000121994	6598
ENSG00000244210	66
ENSG00000131138	12
ENSG00000119297	12
ENSG00000181944	7
ENSG00000194820	28
ENSG00000211653	39
ENSG00000111233	5
ENSG00000175980	387
ENSG00000186849	2
ENSG00000176230	6
ENSG00000100309	9201
ENSG00000143441	1113
ENSG00000114605	388
ENSG00000134335	378
ENSG00000130186	2895
ENSG00000147422	465
ENSG00000198610	237
ENSG00000190877	11
ENSG00000221601	109
ENSG00000243037	34
ENSG00000173893	23
ENSG00000112290	52
ENSG00000212687	181
ENSG00000121231	57
ENSG00000100623	1243
ENSG00000240360	3
ENSG00000179801	86
ENSG00000102483	7708
ENSG00000137668	158
ENSG00000200906	1600
ENSG00000214059	1260
ENSG00000200143	971
ENSG00000190891	747
ENSG00000109807	12
ENSG00000108927	79
ENSG00000114264	52
ENSG00000146975	1
ENSG00000223369	43
ENSG00000181411	20
ENSG00000106075	2
ENSG00000162185	145
ENSG00000131331	191
ENSG00000125528	32
ENSG00000231421	12
ENSG00000220644	24
ENSG00000137652	98
ENSG00000164011	46
ENSG00000220344	140
ENSG00000240243	47
ENSG00000170196	400
ENSG00000104565	300
ENSG00000223660	378
ENSG00000220802	45
ENSG00000146245	40
ENSG00000125509	490
ENSG00000222630	84
ENSG00000181108	88
ENSG00000235847	2
ENSG00000105576	1
ENSG00000208830	191
ENSG00000118572	281
ENSG00000222022	2461
ENSG00000154577	817
ENSG00000126268	100
ENSG00000198945	92
ENSG00000160162	20
ENSG00000121707	477
ENSG00000180001	25
ENSG00000248334	474
ENSG00000124839	139
ENSG00000165584	273
ENSG00000104510	760
ENSG00000129355	33
ENSG00000225845	35
ENSG00000245642	27
ENSG00000219524	71
ENSG00000229404	4030
ENSG00000231057	82
ENSG00000245443	1198
ENSG00000226976	1019
ENSG00000142868	677
ENSG00000244885	869
ENSG00000165990	17
ENSG00000182916	298
ENSG00000165524	2905
ENSG00000233578	30
ENSG00000212921	102
ENSG00000100862	25
ENSG00000223146	153
ENSG00000235937	10
ENSG00000102391	2523
ENSG00000241268	111
ENSG00000142303	10
ENSG00000174111	3356
ENSG00000188913	1019
ENSG00000227418	466
ENSG00000135137	610
ENSG00000148117	56
ENSG00000139745	61
ENSG00000146688	488
ENSG00000223348	1021
ENSG00000130385	1302
ENSG00000209139	289
ENSG00000171850	63
ENSG00000241200	127
ENSG00000133351	2101
ENSG00000231575	3863
ENSG00000110180	72
ENSG00000136935	89
ENSG00000219482	1734
ENSG00000247301	600
ENSG00000105935	944
ENSG00000196693	15
ENSG00000197854	31
ENSG00000106165	47
ENSG00000175068	373
ENSG00000187725	6
ENSG00000180197	1777
ENSG00000140976	395
ENSG00000241229	408
ENSG00000244726	8
ENSG00000187482	70
ENSG00000142281	3086
ENSG00000125669	10
ENSG00000113179	117
ENSG00000247920	1088
ENSG00000242271	26
ENSG00000163143	1242
ENSG00000193202	61
ENSG00000100449	2214
ENSG00000223215	389
ENSG00000168793	249
ENSG00000158743	4982
ENSG00000214079	556
ENSG00000185267	1597
ENSG00000239059	17
ENSG00000162132	53
ENSG00000144467	1169
ENSG00000150179	1132
ENSG00000165031	155
ENSG00000240648	413
ENSG00000143928	18
ENSG00000187263	306
ENSG00000133727	14
ENSG00000106282	352
ENSG00000222298	33
ENSG00000183614	64
ENSG00000145384	211
ENSG00000173939	5001
ENSG00000157499	23
ENSG00000118424	34
ENSG00000239846	787
ENSG00000200030	109
ENSG00000148691	10676
ENSG00000237873	212
ENSG00000100688	132
ENSG00000138167	181
ENSG00000233617	5769
ENSG00000200319	719
ENSG00000237889	537
ENSG00000202163	251
ENSG00000239489	5
ENSG00000174869	18
ENSG00000221383	3034
ENSG00000222907	384
ENSG00000119236	294
ENSG00000153977	340
ENSG00000168945	67
ENSG00000166516	162
ENSG00000171497	28
ENSG00000123596	392
ENSG00000148507	24
ENSG00000157921	78
ENSG00000238635	354
ENSG00000221483	73
ENSG00000126433	443
ENSG00000200993	576
ENSG00000190600	122
ENSG00000214926	1548
ENSG00000130343	5
ENSG00000153485	0
ENSG00000196351	536
ENSG00000150679	982
ENSG00000244298	8981
ENSG00000143482	505
ENSG00000109582	443
ENSG00000211113	27
ENSG00000146707	557
ENSG00000210969	504
ENSG00000247015	14
ENSG00000210675	23
ENSG00000235760	161
ENSG00000145400	205
ENSG00000219720	0
ENSG00000220701	228
ENSG00000159511	290
ENSG00000153655	134
ENSG00000216832	223
ENSG00000215518	322
ENSG00000228736	7
ENSG00000234039	360
ENSG00000200373	82
ENSG00000246177	27
ENSG00000178393	206
ENSG00000101821	3854
ENSG00000233902	3
ENSG00000236421	8
ENSG00000207207	4
ENSG00000157131	11161
ENSG00000165132	121
ENSG00000181679	131
ENSG00000206978	41
ENSG00000232032	12
ENSG00000162933	2
ENSG00000127235	263
ENSG00000171964	178
ENSG00000233999	3
ENSG00000164675	12
ENSG00000100362	36
ENSG00000183426	150
ENSG00000161123	206
ENSG00000171659	1648
ENSG00000179722	2425
ENSG00000211879	1279
ENSG00000242138	2409
ENSG00000244727	12
ENSG00000142408	54
ENSG00000129664	678
ENSG00000226376	321
ENSG00000183943	123
ENSG00000234205	3
ENSG00000204333	2
ENSG00000213309	1042
ENSG00000205663	316
ENSG00000143564	60
ENSG00000212700	117
ENSG00000122734	8
ENSG00000103657	673
ENSG00000104199	1778
ENSG00000228031	2460
ENSG00000220094	140
ENSG00000214097	56
ENSG00000133707	23
ENSG00000146007	1365
ENSG00000117128	4283
ENSG00000116542	41
ENSG00000192056	293
ENSG00000104437	219
ENSG00000200266	38
ENSG00000236661	1
ENSG00000149951	70
ENSG00000189265	489
ENSG00000125569	7
ENSG00000153207	33
ENSG00000133065	1
ENSG00000207731	918
ENSG00000193266	275
ENSG00000161362	135
ENSG00000171118	103
ENSG00000189235	26
ENSG00000118705	92
ENSG00000111445	79
ENSG00000137958	72
ENSG00000165839	173
ENSG00000187722	159
ENSG00000226612	2254
ENSG00000212087	6
ENSG00000241645	206
ENSG00000151070	31
ENSG00000171856	8
ENSG00000124135	2
ENSG00000198946	689
ENSG00000158961	13
ENSG00000204816	18
ENSG00000165334	343
ENSG00000179381	5
ENSG00000117537	158
ENSG00000223757	169
ENSG00000239557	1397
ENSG00000196633	828
ENSG00000131578	58
ENSG00000212840	1275
ENSG00000145219	90
ENSG00000232165	161
ENSG00000188662	119
ENSG00000110081	340
ENSG00000105112	25
ENSG00000135681	283
ENSG00000125792	1353
ENSG00000114157	106
ENSG00000119622	7159
ENSG00000234849	37
ENSG00000185645	180
ENSG00000100045	100
ENSG00000120974	27
ENSG00000235605	18
ENSG00000177388	76
ENSG00000159908	72
ENSG00000226693	16
ENSG00000230996	1149
ENSG00000133401	2757
ENSG00000124841	4
ENSG00000129281	650
ENSG00000192261	107
ENSG00000156787	240
ENSG00000242443	30038
ENSG00000242637	1697
ENSG00000110596	378
ENSG00000194826	182
ENSG00000238650	2
ENSG00000205323	641
ENSG00000166033	30
ENSG00000233381	288
ENSG00000109821	162
ENSG00000135061	923
ENSG00000230337	10700
ENSG00000244776	1805
ENSG00000237821	1168
ENSG00000178077	103
ENSG00000236051	501
ENSG00000166181	639
ENSG00000129172	8
ENSG00000126159	9130
ENSG00000212646	20
ENSG00000126524	21
ENSG00000188056	3521
ENSG00000212348	13020
ENSG00000138191	41
ENSG00000222648	16
ENSG00000138997	44712
ENSG00000155304	155
ENSG00000167077	2
ENSG00000193451	24
ENSG00000106347	7668
ENSG00000127130	622
ENSG00000229134	926
ENSG00000147968	729
ENSG00000213704	815
ENSG00000135844	77
ENSG00000247584	0
ENSG00000121516	248
ENSG00000105991	14
ENSG00000111894	114
ENSG00000220155	7333
ENSG00000204067	391
ENSG00000176201	230
ENSG00000220001	142
ENSG00000168498	781
ENSG00000114587	1417
ENSG00000142140	10
ENSG00000244954	425
ENSG00000102022	5017
ENSG00000169961	678
ENSG00000236696	46
ENSG00000145534	47
ENSG00000235473	3
ENSG00000122833	25
ENSG00000230588	3262
ENSG00000213948	102
ENSG00000154734	24
ENSG00000114604	48
ENSG00000160400	88
ENSG00000236662	136
ENSG00000138097	86
ENSG00000228692	27
ENSG00000157085	738
ENSG00000216036	2127
ENSG00000104848	38
ENSG00000148221	52
ENSG00000192794	1502
ENSG00000101073	8
ENSG00000147468	36
ENSG00000117189	99
ENSG00000122608	137
ENSG00000163454	60
ENSG00000197082	8
ENSG00000201336	437
ENSG00000198372	7
ENSG00000102704	7
ENSG00000100182	1
ENSG00000163372	452
ENSG00000189559	3
ENSG00000108603	330
ENSG00000204504	272
ENSG00000225870	673
ENSG00000161999	115
ENSG00000161236	43
ENSG00000214840	200
ENSG00000249318	42
ENSG00000229402	4
ENSG00000207851	1413
ENSG00000115776	12
ENSG00000121834	7938
ENSG00000176893	442
ENSG00000247389	51
ENSG00000118281	372
ENSG00000221062	1424
ENSG00000224208	5
ENSG00000158274	28
ENSG00000150725	18
ENSG00000185518	223
ENSG00000229897	380
ENSG00000211914	227
ENSG00000226848	27
ENSG00000164128	76
ENSG00000107904	1390
ENSG00000142122	1092
ENSG00000168626	99
ENSG00000102550	15
ENSG00000130521	422
ENSG00000103081	179
ENSG00000215570	132
ENSG00000162106	3724
ENSG00000117049	1181
ENSG00000177670	27
ENSG00000144731	22
ENSG00000192790	3808
ENSG00000235426	202
ENSG00000164540	967
ENSG00000225316	68
ENSG00000178383	31
ENSG00000226756	225
ENSG00000205874	5977
ENSG00000147076	183
ENSG00000142760	16
ENSG00000156903	104
ENSG00000182473	46
ENSG00000242842	125
ENSG00000229635	916
ENSG00000242988	6741
ENSG00000208564	325
ENSG00000245364	52
ENSG00000217781	124
ENSG00000135769	201
ENSG00000121713	65
ENSG00000248907	301
ENSG00000129965	125
ENSG00000247381	7
ENSG00000121558	466
ENSG00000227659	35
ENSG00000145511	39
ENSG00000177445	626
ENSG00000228854	56
ENSG00000139969	5143
ENSG00000113647	259
ENSG00000240951	165
ENSG00000245370	36
ENSG00000174311	35
ENSG00000217900	471
ENSG00000123139	47
ENSG00000231143	606
ENSG00000130391	4
ENSG00000246893	234
ENSG00000228124	730
ENSG00000241217	385
ENSG00000112850	124
ENSG00000131161	1304
ENSG00000210219	22
ENSG00000181687	24
ENSG00000115576	204
ENSG00000183768	1621
ENSG00000231731	342
ENSG00000186430	87
ENSG00000236466	510
ENSG00000103379	336
ENSG00000175065	13
ENSG00000200227	1
ENSG00000208840	22
ENSG00000111864	14
ENSG00000186864	84
ENSG00000248096	21
ENSG00000224614	32
ENSG00000134651	551
ENSG00000190163	147
ENSG00000181571	308
ENSG00000209846	5132
ENSG00000110996	39
ENSG00000231557	89
ENSG00000102048	1103
ENSG00000209351	14
ENSG00000123758	4
ENSG00000125347	2400
ENSG00000148008	372
ENSG00000147433	738
ENSG00000128453	633
ENSG00000112574	1432
ENSG00000204444	54
ENSG00000175263	125
ENSG00000206122	14
ENSG00000167258	235
ENSG00000172591	529
ENSG00000148495	89
ENSG00000183215	716
ENSG00000196383	53767
ENSG00000109871	22
ENSG00000248950	1219
ENSG00000212478	1615
ENSG00000223547	1703
ENSG00000157766	39
ENSG00000199748	1380
ENSG00000132980	348
ENSG00000131584	114
ENSG00000206566	116
ENSG00000106864	212
ENSG00000105746	934
ENSG00000142921	1530
ENSG00000166486	18220
ENSG00000183963	100
ENSG00000175111	796
ENSG00000100079	123
ENSG00000180293	1116
ENSG00000180945	227
ENSG00000172188	73
ENSG00000233865	4
ENSG00000189204	31
ENSG00000203251	224
ENSG00000117017	5111
ENSG00000140244	978
ENSG00000109096	6
ENSG00000192035	53
ENSG00000112291	274
ENSG00000180958	190
ENSG00000240753	182
ENSG00000117328	800
ENSG00000174941	182
ENSG00000162451	18
ENSG00000147316	1
ENSG00000199476	51
ENSG00000225034	3
ENSG00000155925	75
ENSG00000183153	321
ENSG00000201252	6
ENSG00000231082	56
ENSG00000188389	73
ENSG00000231399	6699
ENSG00000138142	503
ENSG00000104722	4
ENSG00000149675	200
ENSG00000108947	267
ENSG00000123347	46
ENSG00000206038	76
ENSG00000103875	475
ENSG00000124830	265
ENSG00000233637	316
ENSG00000197973	21
ENSG00000208709	65
ENSG00000115192	3
ENSG00000178075	8
ENSG00000249788	51
ENSG00000196771	11
ENSG00000153852	55
ENSG00000129795	15209
ENSG00000229208	247
ENSG00000246056	9
ENSG00000117734	5
ENSG00000173661	56
ENSG00000243463	6
ENSG00000207601	2
ENSG00000162333	714
ENSG00000137324	39
ENSG00000160718	263
ENSG00000245483	77740
ENSG00000186900	157
ENSG00000108467	100
ENSG00000109334	86
ENSG00000236430	79
ENSG00000126723	18
ENSG00000174122	77
ENSG00000120642	666
ENSG00000139482	79
ENSG00000217076	3
ENSG00000116036	8
ENSG00000127606	8
ENSG00000131169	133
ENSG00000170492	433
ENSG00000137075	252
ENSG00000162311	1516
ENSG00000101263	119
ENSG00000235493	715
ENSG00000144671	198
ENSG00000107562	565
ENSG00000222334	2
ENSG00000199320	1689
ENSG00000172654	6
ENSG00000134169	30
ENSG00000180911	466
ENSG00000139204	69
ENSG00000130594	3833
ENSG00000112699	158
ENSG00000115210	25
ENSG00000172395	244
ENSG00000103259	92
ENSG00000181148	2357
ENSG00000108269	4123
ENSG00000220355	1001
ENSG00000146853	38
ENSG00000137072	173
ENSG00000139914	898
ENSG00000111866	30
ENSG00000184520	12
ENSG00000211091	883
ENSG00000102284	497
ENSG00000135977	110
ENSG00000211629	75
ENSG00000140424	1
ENSG00000229082	931
ENSG00000192053	147
ENSG00000216801	7
ENSG00000205125	10
ENSG00000192362	27
ENSG00000135840	3508
ENSG00000246720	767
ENSG00000191210	4
ENSG00000162299	7615
ENSG00000165337	2351
ENSG00000183240	15
ENSG00000187158	1
ENSG00000188886	854
ENSG00000128057	28
ENSG00000111489	129
ENSG00000241873	30
ENSG00000105685	1809
ENSG00000192184	2857
ENSG00000157872	792
ENSG00000198990	85
ENSG00000203259	188
ENSG00000234757	199
ENSG00000166216	15
ENSG00000164879	1023
ENSG00000165593	41
ENSG00000163125	460
ENSG00000117105	270
ENSG00000220175	349
ENSG00000130752	1166
ENSG00000186904	7831
ENSG00000193954	45
ENSG00000225937	26
ENSG00000237828	143
ENSG00000109987	17
ENSG00000112256	1019
ENSG00000246489	36
ENSG00000230426	181
ENSG00000171401	1205
ENSG00000109738	520
ENSG00000232450	357
ENSG00000183779	2944
ENSG00000116634	2852
ENSG00000122103	4
ENSG00000108346	559
ENSG00000218110	154
ENSG00000131266	72
ENSG00000112520	38
ENSG00000113314	240
ENSG00000114910	200
ENSG00000194526	310
ENSG00000187010	3253
ENSG00000234637	1831
ENSG00000155979	20
ENSG00000128394	33
ENSG00000113175	627
ENSG00000143798	21
ENSG00000101739	194
ENSG00000174959	346
ENSG00000240534	833
ENSG00000201371	408
ENSG00000112782	3153
ENSG00000109282	55
ENSG00000165253	901
ENSG00000221942	19
ENSG00000234871	373
ENSG00000142796	252
ENSG00000113637	14
ENSG00000176210	0
ENSG00000130196	1469
ENSG00000212312	343
ENSG00000208530	202
ENSG00000189702	37
ENSG00000183579	109
ENSG00000192319	692
ENSG00000100038	164
ENSG00000213171	1907
ENSG00000223388	142
ENSG00000161326	17
ENSG00000140457	443
ENSG00000208172	42
ENSG00000113590	275
ENSG00000125315	5
ENSG00000168788	31
ENSG00000209047	408
ENSG00000148812	35
ENSG00000166360	134
ENSG00000239696	455
ENSG00000167989	186
ENSG00000126523	4847
ENSG00000217152	89
ENSG00000219673	153
ENSG00000150987	221
ENSG00000176967	2
ENSG00000242668	20
ENSG00000107014	628
ENSG00000156382	67
ENSG00000104507	2333
ENSG00000238837	99
ENSG00000148726	82
ENSG00000158940	1036
ENSG00000222607	259
ENSG00000175509	4560
ENSG00000119557	14
ENSG00000102464	515
ENSG00000218087	730
ENSG00000233222	637
ENSG00000178953	1611
ENSG00000118148	2208
ENSG00000111719	199
ENSG00000124721	45
ENSG00000223231	1599
ENSG00000110877	140
ENSG00000163219	1244
ENSG00000233437	1380
ENSG00000104372	269
ENSG00000145177	21
ENSG00000144281	88
ENSG00000168418	776
ENSG00000124232	116
ENSG00000138156	1229
ENSG00000242090	138
ENSG00000191841	187
ENSG00000191494	40
ENSG00000242225	200
ENSG00000182348	1145
ENSG00000144383	107
ENSG00000189111	99
ENSG00000226494	38
ENSG00000155962	604
ENSG00000165177	11
ENSG00000232189	69
ENSG00000218923	820
ENSG00000234512	3606
ENSG00000236287	85
ENSG00000207180	1076
ENSG00000202009	1
ENSG00000237730	425
ENSG00000161127	313
ENSG00000221442	12
ENSG00000120670	4
ENSG00000138529	56
ENSG00000218778	302
ENSG00000143684	525
ENSG00000147357	122
ENSG00000137178	585
ENSG00000180907	351
ENSG00000162243	13
ENSG00000128050	83
ENSG00000113365	46
ENSG00000121714	1000
ENSG00000168158	16
ENSG00000139022	2487
ENSG00000230720	269
ENSG00000204754	6456
ENSG00000194564	110
ENSG00000231805	139
ENSG00000212579	79
ENSG00000146893	199
ENSG00000132261	20219
ENSG00000163000	78
ENSG00000168814	20
ENSG00000209686	164
ENSG00000219503	403
ENSG00000248878	10
ENSG00000206292	533
ENSG00000186511	889
ENSG00000100220	149
ENSG00000204607	105
ENSG00000239224	34
ENSG00000116866	59
ENSG00000145913	36
ENSG00000248076	2147
ENSG00000131841	4678
ENSG00000219628	54
ENSG00000114947	204
ENSG00000195948	3
ENSG00000109812	46
ENSG00000189176	545
ENSG00000101586	169
ENSG00000106739	233
ENSG00000182114	1210
ENSG00000109192	203
ENSG00000166092	62
ENSG00000230952	2493
ENSG00000231973	3
ENSG00000208598	27
ENSG00000204043	46
ENSG00000192332	37
ENSG00000108076	40
ENSG00000113045	61
ENSG00000249562	49
ENSG00000148355	159
ENSG00000155485	435
ENSG00000224558	167
ENSG00000108074	173
ENSG00000236397	10
ENSG00000220586	25
ENSG00000189446	81
ENSG00000104072	1470
ENSG00000129615	246
ENSG00000127924	1649
ENSG00000169656	1018
ENSG00000192099	1077
ENSG00000191578	35
ENSG00000234688	1445
ENSG00000185333	614
ENSG00000240282	9490
ENSG00000120919	434
ENSG00000205274	182
ENSG00000218759	123
ENSG00000150984	194
ENSG00000244113	9
ENSG00000185991	114
ENSG00000241816	119
ENSG00000222498	573
ENSG00000127860	17
ENSG00000234642	255
ENSG00000223978	5684
ENSG00000140918	43
ENSG00000153400	439
ENSG00000149114	64
ENSG00000234166	125
ENSG00000197784	329
ENSG00000169959	732
ENSG00000118395	58
ENSG00000114086	15
ENSG00000131146	2704
ENSG00000117668	182
ENSG00000146962	1265
ENSG00000151212	757
ENSG00000245116	574
ENSG00000120557	124
ENSG00000105262	107
ENSG00000164713	12
ENSG00000111089	189
ENSG00000219850	45
ENSG00000150265	64
ENSG00000233522	11916
ENSG00000124997	407
ENSG00000237885	134
ENSG00000175736	12
ENSG00000211127	820
ENSG00000139497	2143
ENSG00000151466	34
ENSG00000167226	389
ENSG00000218470	65
ENSG00000109773	118
ENSG00000187801	45
ENSG00000212804	10
ENSG00000115316	57
ENSG00000103007	6
ENSG00000131385	2199
ENSG00000244809	960
ENSG00000122719	124
ENSG00000109216	308
ENSG00000208224	187
ENSG00000123455	156
ENSG00000179336	113
ENSG00000200330	132
ENSG00000159403	128
ENSG00000132790	14
ENSG00000224196	16
ENSG00000174963	63
ENSG00000106526	209
ENSG00000233122	43
ENSG00000127828	7768
ENSG00000208114	113
ENSG00000184668	88
ENSG00000164935	417
ENSG00000138954	1074
ENSG00000193455	3028
ENSG00000215003	688
ENSG00000209936	40
ENSG00000135181	74
ENSG00000155473	1348
ENSG00000154318	135
ENSG00000173948	821
ENSG00000182698	110
ENSG00000169462	3791
ENSG00000160850	1607
ENSG00000149630	1099
ENSG00000182021	226
ENSG00000201566	5
ENSG00000110135	7
ENSG00000180549	195
ENSG00000195485	259
ENSG00000128235	1
ENSG00000234879	64
ENSG00000246898	1368
ENSG00000186118	857
ENSG00000209577	37
ENSG00000191302	329
ENSG00000103050	223
ENSG00000208871	76
ENSG00000129677	905
ENSG00000231433	804
ENSG00000229219	53
ENSG00000117809	26
ENSG00000123929	15
ENSG00000207205	11
ENSG00000143885	1900
ENSG00000136731	3538
ENSG00000133042	159
ENSG00000197182	1991
ENSG00000241023	50
ENSG00000220548	109
ENSG00000103739	698
ENSG00000112489	337
ENSG00000181726	168
ENSG00000226624	4
ENSG00000119081	27
ENSG00000143572	47
ENSG00000210322	62
ENSG00000218146	147
ENSG00000112865	46
ENSG00000185839	157
ENSG00000143475	89
ENSG00000106071	213
ENSG00000108775	146
ENSG00000211754	33
ENSG00000115729	60
ENSG00000101303	921
ENSG00000159353	141
ENSG00000189141	21
ENSG00000236191	14
ENSG00000159096	243
ENSG00000172518	326
ENSG00000198567	1533
ENSG00000192112	131
ENSG00000189876	2201
ENSG00000131956	57
ENSG00000196318	112
ENSG00000171308	66
ENSG00000165300	374
ENSG00000161269	475
ENSG00000239665	171
ENSG00000126562	48
ENSG00000228521	7
ENSG00000159277	84
ENSG00000154121	80
ENSG00000203686	62
ENSG00000213426	27
ENSG00000130008	35
ENSG00000121505	69
ENSG00000196692	328
ENSG00000188556	1275
ENSG00000178912	115
ENSG00000149297	274
ENSG00000223903	122
ENSG00000105505	130
ENSG00000116797	7
ENSG00000237273	795
ENSG00000152907	264
ENSG00000236293	4238
ENSG00000227763	46
ENSG00000208496	242
ENSG00000176410	23
ENSG00000101939	266
ENSG00000238196	129
ENSG00000107436	598
ENSG00000206391	153
ENSG00000131636	249
ENSG00000197907	91
ENSG00000168690	465
ENSG00000221151	56
ENSG00000241908	55
ENSG00000181181	206
ENSG00000199570	247
ENSG00000228892	4
ENSG00000177329	7
ENSG00000191548	191
ENSG00000138556	162
ENSG00000141186	6
ENSG00000133468	6
ENSG00000223947	33
ENSG00000212699	179
ENSG00000241742	147
ENSG00000176698	1172
ENSG00000168966	1238
ENSG00000199616	13602
ENSG00000167825	2
ENSG00000240743	100
ENSG00000182682	1240
ENSG00000132842	10
ENSG00000194627	15
ENSG00000101843	107
ENSG00000179599	903
ENSG00000223334	1727
ENSG00000210668	4
ENSG00000222512	7
ENSG00000161607	67
ENSG00000115160	58
ENSG00000211490	287
ENSG00000223738	310
ENSG00000155332	4580
ENSG00000145811	74
ENSG00000236738	192
ENSG00000135738	171
ENSG00000189672	1617
ENSG00000130415	13
ENSG00000110364	288
ENSG00000167797	34
ENSG00000194842	11
ENSG00000124751	1681
ENSG00000154654	290
ENSG00000149086	2158
ENSG00000145072	308
ENSG00000237103	670
ENSG00000164614	223
ENSG00000228513	339
ENSG00000192111	36
ENSG00000224809	3413
ENSG00000115509	25
ENSG00000122117	5963
ENSG00000124430	112
ENSG00000142679	627
ENSG00000157655	373
ENSG00000175522	232
ENSG00000177897	1617
ENSG00000130306	268
ENSG00000238749	33
ENSG00000244538	313
ENSG00000204117	421
ENSG00000126329	3
ENSG00000169628	1196
ENSG00000218297	1941
ENSG00000234307	4
ENSG00000168861	176
ENSG00000205273	945
ENSG00000191337	13
ENSG00000146533	123
ENSG00000141580	67
ENSG00000106894	533
ENSG00000165212	1620
ENSG00000167992	166
ENSG00000123535	274
ENSG00000130384	1669
ENSG00000206192	436
ENSG00000237059	158
ENSG00000223866	3260
ENSG00000215485	9
ENSG00000120051	385
ENSG00000129740	65
ENSG00000132596	42
ENSG00000155191	252
ENSG00000103197	250
ENSG00000153316	9585
ENSG00000116140	420
ENSG00000211100	227
ENSG00000209891	3059
ENSG00000223250	1031
ENSG00000225994	10
ENSG00000193614	375
ENSG00000133674	621
ENSG00000206539	48
ENSG00000172326	595
ENSG00000101516	96
ENSG00000209425	259
ENSG00000216886	4
ENSG00000131734	2
ENSG00000123126	23
ENSG00000249718	239
ENSG00000174150	1997
ENSG00000110518	68
ENSG00000246014	48
ENSG00000188665	700
ENSG00000200756	218
ENSG00000186945	4144
ENSG00000184260	120
ENSG00000125309	2
ENSG00000249729	25
ENSG00000205458	38
ENSG00000122653	3
ENSG00000145150	21
ENSG00000233940	37
ENSG00000205812	70
ENSG00000236344	51
ENSG00000131047	288
ENSG00000196556	324
ENSG00000174147	331
ENSG00000145538	299
ENSG00000220250	3
ENSG00000191102	3
ENSG00000106121	37
ENSG00000176881	166
ENSG00000134758	10
ENSG00000173843	32
ENSG00000171951	342
ENSG00000232969	6676
ENSG00000204962	108
ENSG00000152274	40
ENSG00000162809	922
ENSG00000207076	120
ENSG00000246514	102
ENSG00000225736	938
ENSG00000237532	9
ENSG00000144056	99
ENSG00000156410	166
ENSG00000214464	496
ENSG00000109938	10
ENSG00000229581	7
ENSG00000204735	100
ENSG00000108735	100
ENSG00000107039	89
ENSG00000172450	91
ENSG00000193457	232
ENSG00000180068	498
ENSG00000135502	263
ENSG00000167786	19
ENSG00000158568	2332
ENSG00000171079	12
ENSG00000174293	77
ENSG00000204271	506
ENSG00000245991	31
ENSG00000133174	2844
ENSG00000204368	5479
ENSG00000173223	3598
ENSG00000118663	447
ENSG00000115709	826
ENSG00000136332	59
ENSG00000107001	243
ENSG00000162487	484
ENSG00000164179	135
ENSG00000222487	210
ENSG00000166276	50
ENSG00000213826	5
ENSG00000120989	382
ENSG00000242489	309
ENSG00000156340	5892
ENSG00000130458	903
ENSG00000238230	144
ENSG00000200019	661
ENSG00000173143	366
ENSG00000148437	100
ENSG00000154835	94
ENSG00000146866	6
ENSG00000139120	132
ENSG00000146107	3122
ENSG00000119079	3
ENSG00000103684	13
ENSG00000136546	579
ENSG00000178373	320
ENSG00000242009	284
ENSG00000122988	3
ENSG00000154676	64
ENSG00000102230	388
ENSG00000243944	480
ENSG00000151485	238
ENSG00000140322	25
ENSG00000206449	522
ENSG00000167201	15
ENSG00000120859	14
ENSG00000210503	11
ENSG00000122996	2420
ENSG00000158439	43
ENSG00000241664	140
ENSG00000167881	0
ENSG00000218054	720
ENSG00000208881	287
ENSG00000154186	6
ENSG00000122473	7
ENSG00000176311	3969
ENSG00000244670	26
ENSG00000140092	7743
ENSG00000218351	62
ENSG00000225011	3
ENSG00000114773	1350
ENSG00000158327	397
ENSG00000248045	550
ENSG00000236902	61
ENSG00000219291	97
ENSG00000108634	982
ENSG00000146372	9
ENSG00000197358	3
ENSG00000160831	813
ENSG00000167571	38
ENSG00000185427	2920
ENSG00000234280	61
ENSG00000178650	79
ENSG00000130517	90
ENSG00000153227	0
ENSG00000174593	1499
ENSG00000152350	26
ENSG00000196749	122
ENSG00000205953	2270
ENSG00000210849	203
ENSG00000173383	925
ENSG00000169787	137
ENSG00000171213	526
ENSG00000191534	370
ENSG00000217735	1096
ENSG00000141760	115
ENSG00000169398	250
ENSG00000210037	51
ENSG00000131097	744
ENSG00000192222	0
ENSG00000162630	230
ENSG00000186035	311
ENSG00000147578	308
ENSG00000221683	146
ENSG00000203968	1829
ENSG00000212484	9262
ENSG00000191496	34
ENSG00000221389	4
ENSG00000136000	8
ENSG00000123630	24
ENSG00000205259	98
ENSG00000115111	104
ENSG00000222529	877
ENSG00000152468	59
ENSG00000236348	111
ENSG00000143264	237
ENSG00000191953	32
ENSG00000149753	96
ENSG00000193725	13745
ENSG00000193274	130
ENSG00000158498	23
ENSG00000215745	1
ENSG00000207032	1176
ENSG00000199799	35
ENSG00000210719	40
ENSG00000205158	21687
ENSG00000160043	2837
ENSG00000230046	1
ENSG00000227573	47
ENSG00000162550	1082
ENSG00000200309	788
ENSG00000210775	12
ENSG00000247652	3423
ENSG00000171400	3183
ENSG00000207952	11
ENSG00000126690	2
ENSG00000108065	8
ENSG00000136814	566
ENSG00000178254	858
ENSG00000136331	116
ENSG00000155247	38
ENSG00000222668	83
ENSG00000179913	334
ENSG00000101042	13
ENSG00000127410	2
ENSG00000208281	94
ENSG00000107344	2068
ENSG00000234776	246
ENSG00000120875	103
ENSG00000241004	32
ENSG00000209334	1096
ENSG00000181496	4
ENSG00000214283	82
ENSG00000160521	34
ENSG00000218378	74
ENSG00000184838	13
ENSG00000127915	1318
ENSG00000136262	166
ENSG00000186125	34
ENSG00000206534	638
ENSG00000161666	100
ENSG00000101926	77
ENSG00000242250	63
ENSG00000177319	368
ENSG00000225325	15
ENSG00000127502	59
ENSG00000178390	70
ENSG00000140585	281
ENSG00000225446	45
ENSG00000141538	11950
ENSG00000236539	5
ENSG00000187617	432
ENSG00000177229	85
ENSG00000193217	723
ENSG00000153932	4
ENSG00000156532	677
ENSG00000246785	15
ENSG00000174527	636
ENSG00000131963	386
ENSG00000101464	128
ENSG00000142447	35
ENSG00000151985	33
ENSG00000159048	121
ENSG00000116081	34
ENSG00000137937	4
ENSG00000247631	2
ENSG00000150469	561
ENSG00000166740	1039
ENSG00000113429	559
ENSG00000116161	131
ENSG00000150157	287
ENSG00000107103	528
ENSG00000221510	187
ENSG00000225586	24
ENSG00000235705	40
ENSG00000115986	12
ENSG00000244018	289
ENSG00000215291	9
ENSG00000204103	82
ENSG00000228953	2369
ENSG00000217507	64
ENSG00000170925	549
ENSG00000166654	3178
ENSG00000100155	1
ENSG00000172693	9
ENSG00000145645	476
ENSG00000235742	40
ENSG00000171030	312
ENSG00000103233	695
ENSG00000175618	42
ENSG00000142902	850
ENSG00000237376	2962
ENSG00000235197	637
ENSG00000203447	22
ENSG00000205446	109
ENSG00000130795	27
ENSG00000168717	2868
ENSG00000110638	100
ENSG00000104494	40
ENSG00000221833	257
ENSG00000239506	260
ENSG00000154742	73
ENSG00000232156	159
ENSG00000123046	92
ENSG00000111981	554
ENSG00000207062	632
ENSG00000186433	439
ENSG00000171364	63
ENSG00000228170	388
ENSG00000144191	56
ENSG00000175027	1190
ENSG00000155794	351
ENSG00000143226	217
ENSG00000176308	4
ENSG00000192708	11230
ENSG00000110296	2820
ENSG00000187704	1154
ENSG00000184484	157
ENSG00000203371	724
ENSG00000130106	54779
ENSG00000159616	41
ENSG00000228399	854
ENSG00000141677	462
ENSG00000178183	204
ENSG00000219332	491
ENSG00000243818	28
ENSG00000173636	1165
ENSG00000170908	20
ENSG00000199887	8612
ENSG00000123729	707
ENSG00000173050	61
ENSG00000198732	3
ENSG00000169991	273
ENSG00000145640	551
ENSG00000201362	5
ENSG00000134163	5592
ENSG00000185788	91
ENSG00000159036	65
ENSG00000147381	5
ENSG00000117548	83
ENSG00000156833	93
ENSG00000184286	669
ENSG00000213320	1616
ENSG00000156422	167
ENSG00000208424	451
ENSG00000236052	2309
ENSG00000112666	1090
ENSG00000203078	83
ENSG00000232317	470
ENSG00000104354	51
ENSG00000197895	510
ENSG00000241169	162
ENSG00000162942	29
ENSG00000169968	345
ENSG00000113489	176
ENSG00000164200	585
ENSG00000124940	8
ENSG00000235934	2106
ENSG00000192854	1777
ENSG00000164256	84
ENSG00000153888	233
ENSG00000151497	199
ENSG00000141798	198
ENSG00000213547	741
ENSG00000224046	32
ENSG00000210937	23
ENSG00000170197	88
ENSG00000228586	6352
ENSG00000230744	77
ENSG00000152823	16
ENSG00000212979	21
ENSG00000243065	310
ENSG00000205830	1488
ENSG00000230663	26
ENSG00000190989	248
ENSG00000153914	306
ENSG00000201194	434
ENSG00000183345	154
ENSG00000232375	989
ENSG00000244832	485
ENSG00000189039	40
ENSG00000227926	15226
ENSG00000222070	6
ENSG00000135088	8
ENSG00000172716	1141
ENSG00000157474	147
ENSG00000172047	73
ENSG00000167124	265
ENSG00000207296	752
ENSG00000217102	78
ENSG00000175331	21
ENSG00000132535	27
ENSG00000207512	37
ENSG00000136714	21
ENSG00000140018	1280
ENSG00000126654	268
ENSG00000102360	579
ENSG00000135215	39
ENSG00000200452	1677
ENSG00000223680	11
ENSG00000144773	543
ENSG00000202729	688
ENSG00000122330	58
ENSG00000126289	25
ENSG00000196297	381
ENSG00000176195	27
ENSG00000236133	22
ENSG00000235231	223
ENSG00000132828	27
ENSG00000217225	105
ENSG00000219692	13826
ENSG00000231262	76
ENSG00000180667	618
ENSG00000137621	21
ENSG00000212977	131
ENSG00000225641	85
ENSG00000234003	141
ENSG00000101719	389
ENSG00000158144	8444
ENSG00000121547	85
ENSG00000239179	1793
ENSG00000151429	522
ENSG00000135177	969
ENSG00000165564	29
ENSG00000129065	35
ENSG00000223651	88
ENSG00000191846	41
ENSG00000245497	190
ENSG00000211065	13
ENSG00000186991	125
ENSG00000207674	157
ENSG00000207428	3763
ENSG00000186948	3476
ENSG00000218251	323
ENSG00000113744	56
ENSG00000171674	433
ENSG00000184656	512
ENSG00000202531	134
ENSG00000222127	21
ENSG00000222016	4
ENSG00000230774	75
ENSG00000147600	8038
ENSG00000120528	68
ENSG00000214851	318
ENSG00000223936	497
ENSG00000222208	360
ENSG00000239940	698
ENSG00000248439	3
ENSG00000182707	96
ENSG00000122579	532
ENSG00000202743	96
ENSG00000149941	1722
ENSG00000116701	89
ENSG00000108917	552
ENSG00000129295	4324
ENSG00000211818	121
ENSG00000162430	141
ENSG00000177969	139
ENSG00000152801	1296
ENSG00000170578	3
ENSG00000154305	4
ENSG00000228029	92
ENSG00000159450	829
ENSG00000173533	347
ENSG00000176337	17
ENSG00000140810	3272
ENSG00000121000	185
ENSG00000106763	41
ENSG00000222545	411
ENSG00000112062	1927
ENSG00000156093	100
ENSG00000164998	6
ENSG00000119659	40
ENSG00000189445	227
ENSG00000125629	1556
ENSG00000202599	33
ENSG00000212125	247
ENSG00000106183	15
ENSG00000227618	172
ENSG00000198590	13
ENSG00000218715	73
ENSG00000204369	4
ENSG00000219648	23
ENSG00000192496	7
ENSG00000211513	3
ENSG00000147312	1609
ENSG00000211485	1260
ENSG00000115469	225
ENSG00000122937	70
ENSG00000161185	2714
ENSG00000138863	120
ENSG00000152595	207
ENSG00000206459	1845
ENSG00000208229	173
ENSG00000171487	3668
ENSG00000113437	131
ENSG00000206703	121
ENSG00000230365	144
ENSG00000150623	17
ENSG00000107523	18
ENSG00000227880	731
ENSG00000141505	7
ENSG00000160931	1229
ENSG00000182308	232
ENSG00000166070	1258
ENSG00000178415	1169
ENSG00000107827	349
ENSG00000179729	5138
ENSG00000234455	112
ENSG00000100135	109
ENSG00000229724	1542
ENSG00000127400	20
ENSG00000138151	1549
ENSG00000218960	457
ENSG00000245386	48
ENSG00000241170	6
ENSG00000126131	1
ENSG00000150867	3188
ENSG00000238098	3
ENSG00000140477	6
ENSG00000169372	641
ENSG00000104026	336
ENSG00000211182	184
ENSG00000240315	276
ENSG00000108253	64
ENSG00000209427	20
ENSG00000169128	18
ENSG00000178264	684
ENSG00000170733	859
ENSG00000245234	2324
ENSG00000239255	88
ENSG00000235680	1
ENSG00000217789	470
ENSG00000136666	128
ENSG00000197593	2
ENSG00000207341	1809
ENSG00000143352	406
ENSG00000217446	269
ENSG00000242218	88
ENSG00000230024	105
ENSG00000227684	298
ENSG00000187487	105
ENSG00000161762	119
ENSG00000244310	434
ENSG00000167687	425
ENSG00000243441	9093
ENSG00000224616	145
ENSG00000216805	78
ENSG00000166527	73
ENSG00000204371	345
ENSG00000185444	184
ENSG00000104046	135
ENSG00000122545	141
ENSG00000179592	168
ENSG00000157078	797
ENSG00000140999	2562
ENSG00000114925	560
ENSG00000213610	150
ENSG00000186001	16
ENSG00000149280	8
ENSG00000195111	217
ENSG00000170414	109
ENSG00000101139	165
ENSG00000119899	20
ENSG00000198872	135
ENSG00000191123	2
ENSG00000249899	8
ENSG00000170459	30
ENSG00000237892	381
ENSG00000110593	30
ENSG00000166103	41
ENSG00000125650	340
ENSG00000132864	59
ENSG00000201145	640
ENSG00000142131	243
ENSG00000139003	78
ENSG00000178910	65
ENSG00000205422	567
ENSG00000217545	52
ENSG00000237374	6
ENSG00000241068	421
ENSG00000222862	38
ENSG00000249202	116
ENSG00000131703	503
ENSG00000134407	551
ENSG00000180267	0
ENSG00000146070	8
ENSG00000163348	1411
ENSG00000211834	3
ENSG00000226858	221
ENSG00000141802	49
ENSG00000134893	21
ENSG00000206789	181
ENSG00000205353	2
ENSG00000113148	491
ENSG00000143604	1628
ENSG00000239591	7
ENSG00000184999	35
ENSG00000158918	1676
ENSG00000190122	362
ENSG00000204797	65
ENSG00000225880	2684
ENSG00000142342	7
ENSG00000243843	41
ENSG00000144204	185
ENSG00000180728	90
ENSG00000234794	696
ENSG00000187894	3
ENSG00000240190	247
ENSG00000168700	14
ENSG00000242652	2159
ENSG00000230370	1123
ENSG00000243756	28
ENSG00000170546	15
ENSG00000247636	117
ENSG00000199170	21
ENSG00000139222	32
ENSG00000198024	333
ENSG00000244458	34
ENSG00000194697	3960
ENSG00000179923	138
ENSG00000126842	74
ENSG00000132144	10
ENSG00000123389	74
ENSG00000121126	1501
ENSG00000225691	420
ENSG00000242506	1908
ENSG00000195548	1010
ENSG00000105539	485
ENSG00000174744	26
ENSG00000235206	126
ENSG00000183247	151
ENSG00000143979	6
ENSG00000201784	214
ENSG00000132369	16
ENSG00000129038	102
ENSG00000124368	85
ENSG00000223210	256
ENSG00000242778	26852
ENSG00000156208	13
ENSG00000167656	94
ENSG00000111225	6960
ENSG00000198614	26
ENSG00000146969	70
ENSG00000204233	172
ENSG00000138591	90
ENSG00000151705	5
ENSG00000208119	110
ENSG00000212246	559
ENSG00000238847	24967
ENSG00000204505	182
ENSG00000136247	70
ENSG00000228778	165
ENSG00000101946	0
ENSG00000209266	251
ENSG00000203379	4338
ENSG00000177063	166
ENSG00000211516	114
ENSG00000134622	67
ENSG00000110665	96
ENSG00000198115	15
ENSG00000186874	2932
ENSG00000106625	59
ENSG00000116020	72
ENSG00000180761	3935
ENSG00000138824	175
ENSG00000106081	64
ENSG00000130037	2618
ENSG00000230502	241
ENSG00000173751	1332
ENSG00000185741	29
ENSG00000128013	3
ENSG00000120617	200
ENSG00000191139	2668
ENSG00000244120	58
ENSG00000246774	389
ENSG00000152887	443
ENSG00000169033	188
ENSG00000193643	309
ENSG00000173153	879
ENSG00000171358	184
ENSG00000234112	71
ENSG00000145180	1285
ENSG00000170254	737
ENSG00000113527	302
ENSG00000154336	629
ENSG00000123486	0
ENSG00000101457	185
ENSG00000157928	167
ENSG00000140123	3
ENSG00000108339	9258
ENSG00000172453	265
ENSG00000195156	60
ENSG00000116175	44
ENSG00000191989	207
ENSG00000201240	123
ENSG00000247146	2
ENSG00000230971	44
ENSG00000215362	248
ENSG00000143164	377
ENSG00000165659	911
ENSG00000142014	12
ENSG00000214752	53
ENSG00000189812	181
ENSG00000159302	34
ENSG00000179467	162
ENSG00000185230	21
ENSG00000177844	631
ENSG00000184510	210
ENSG00000210553	723
ENSG00000218376	153
ENSG00000155585	33
ENSG00000246312	11
ENSG00000131302	132
ENSG00000109880	56
ENSG00000203895	5
ENSG00000235331	47
ENSG00000141404	765
ENSG00000143361	1569
ENSG00000141338	862
ENSG00000211366	2182
ENSG00000155402	87
ENSG00000247392	117
ENSG00000201296	18
ENSG00000176985	32
ENSG00000163109	4710
ENSG00000173926	400
ENSG00000141347	491
ENSG00000101406	30082
ENSG00000187156	10132
ENSG00000212027	27
ENSG00000171555	1456
ENSG00000239394	23
ENSG00000231763	1112
ENSG00000177866	4
ENSG00000116986	30
ENSG00000139476	26
ENSG00000237403	11003
ENSG00000144878	4
ENSG00000129132	1550
ENSG00000171015	1020
ENSG00000249897	199
ENSG00000183264	878
ENSG00000223620	17254
ENSG00000102640	265
ENSG00000134992	86
ENSG00000220388	4229
ENSG00000172604	1036
ENSG00000247504	7
ENSG00000240479	176
ENSG00000124227	241
ENSG00000214346	16
ENSG00000110750	24
ENSG00000105129	36
ENSG00000182651	15
ENSG00000215671	507
ENSG00000231733	284
ENSG00000224211	2
ENSG00000196315	60
ENSG00000185733	223
ENSG00000128357	8
ENSG00000226187	111
ENSG00000204116	323
ENSG00000132325	7
ENSG00000148686	137
ENSG00000174418	0
ENSG00000200234	635
ENSG00000117823	22
ENSG00000231044	7
ENSG00000219888	6
ENSG00000159592	6
ENSG00000131748	1203
ENSG00000220856	12
ENSG00000127161	42
ENSG00000142398	90
ENSG00000115257	4
ENSG00000179653	719
ENSG00000232627	0
ENSG00000148641	1067
ENSG00000174655	19
ENSG00000125961	144
ENSG00000236783	349
ENSG00000209812	868
ENSG00000169383	16
ENSG00000115305	577
ENSG00000206981	308
ENSG00000230157	146
ENSG00000187684	117
ENSG00000177877	1350
ENSG00000217238	328
ENSG00000227857	1966
ENSG00000213093	706
ENSG00000164307	1
ENSG00000240623	169
ENSG00000242990	2120
ENSG00000213028	42
ENSG00000170939	3
ENSG00000237377	1
ENSG00000120811	7733
ENSG00000121148	24
ENSG00000183564	239
ENSG00000202600	9
ENSG00000224845	179
ENSG00000242635	5250
ENSG00000203556	5
ENSG00000139031	183
ENSG00000244110	30
ENSG00000213860	3
ENSG00000235771	30
ENSG00000208802	158
ENSG00000223965	2245
ENSG00000166416	2058
ENSG00000138784	53
ENSG00000236707	10
ENSG00000159593	705
ENSG00000167774	129
ENSG00000165958	140
ENSG00000243195	7
ENSG00000194598	131
ENSG00000173351	11668
ENSG00000151557	3799
ENSG00000116607	1060
ENSG00000228099	541
ENSG00000166263	61
ENSG00000128418	163
ENSG00000159984	116
ENSG00000178030	162
ENSG00000193632	94
ENSG00000194302	17
ENSG00000160546	1229
ENSG00000143281	42
ENSG00000172924	466
ENSG00000196559	124
ENSG00000214225	331
ENSG00000221046	581
ENSG00000137932	747
ENSG00000120672	252
ENSG00000181398	15
ENSG00000171099	2
ENSG00000163197	131
ENSG00000163611	5570
ENSG00000168021	42
ENSG00000193578	17
ENSG00000131510	16727
ENSG00000135558	3
ENSG00000211399	59
ENSG00000177313	72
ENSG00000219410	16
ENSG00000179480	56
ENSG00000104780	1369
ENSG00000137982	236
ENSG00000133533	196
ENSG00000146527	3
ENSG00000100084	478
ENSG00000178522	108
ENSG00000199560	133
ENSG00000238294	1063
ENSG00000223781	225
ENSG00000138096	81
ENSG00000230410	386
ENSG00000214252	36
ENSG00000127537	22
ENSG00000201440	8
ENSG00000204045	879
ENSG00000193140	71
ENSG00000192228	283
ENSG00000215916	920
ENSG00000198638	2916
ENSG00000118790	50
ENSG00000184458	238
ENSG00000158490	161
ENSG00000150853	8
ENSG00000123860	25
ENSG00000151991	54095
ENSG00000154582	162
ENSG00000112469	3165
ENSG00000205392	607
ENSG00000217302	5572
ENSG00000169717	3697
ENSG00000189508	262
ENSG00000114541	10
ENSG00000210206	2720
ENSG00000162194	823
ENSG00000217313	350
ENSG00000140873	948
ENSG00000221089	29
ENSG00000101105	206
ENSG00000144320	109
ENSG00000182917	9
ENSG00000218310	22
ENSG00000174541	125
ENSG00000149593	2
ENSG00000103182	383
ENSG00000235251	521
ENSG00000130461	211
ENSG00000247367	193
ENSG00000118279	3
ENSG00000202778	96
ENSG00000132309	431
ENSG00000234687	447
ENSG00000246955	1156
ENSG00000236702	102
ENSG00000232579	5683
ENSG00000206050	425
ENSG00000167971	795
ENSG00000185557	1349
ENSG00000205321	33
ENSG00000167771	12
ENSG00000103282	551
ENSG00000148163	10
ENSG00000156293	32
ENSG00000221618	1135
ENSG00000191629	9
ENSG00000178614	12
ENSG00000114503	18
ENSG00000220106	15
ENSG00000244281	6718
ENSG00000163936	780
ENSG00000129825	965
ENSG00000119641	4
ENSG00000117334	0
ENSG00000148193	10
ENSG00000233270	1028
ENSG00000164272	1631
ENSG00000174601	3
ENSG00000117326	2
ENSG00000225634	597
ENSG00000126388	323
ENSG00000205289	327
ENSG00000111865	159
ENSG00000242943	12
ENSG00000127399	113
ENSG00000157351	43
ENSG00000115336	2492
ENSG00000180990	52
ENSG00000216727	7
ENSG00000244696	1452
ENSG00000205347	6051
ENSG00000105967	873
ENSG00000183623	77
ENSG00000102760	20
ENSG00000131782	841
ENSG00000204773	29
ENSG00000203162	200
ENSG00000137099	874
ENSG00000134287	82
ENSG00000136500	0
ENSG00000198779	436
ENSG00000113039	9
ENSG00000235542	1
ENSG00000102976	173
ENSG00000174991	160
ENSG00000227971	112
ENSG00000181734	777
ENSG00000121544	3
ENSG00000201286	429
ENSG00000207351	5008
ENSG00000214106	54
ENSG00000172943	43
ENSG00000190767	94
ENSG00000205047	2041
ENSG00000171855	63
ENSG00000158338	23
ENSG00000223900	2
ENSG00000117590	2986
ENSG00000114532	3159
ENSG00000229286	104
ENSG00000236730	10124
ENSG00000153654	89
ENSG00000211747	663
ENSG00000249368	8
ENSG00000242740	16
ENSG00000121466	119
ENSG00000172902	352
ENSG00000245575	604
ENSG00000100348	9
ENSG00000249951	30
ENSG00000191528	136
ENSG00000101194	61
ENSG00000129694	52
ENSG00000146711	695
ENSG00000120871	1215
ENSG00000111303	9
ENSG00000134756	1558
ENSG00000136787	227
ENSG00000107613	266
ENSG00000117505	226
ENSG00000206180	758
ENSG00000194752	405
ENSG00000192741	3
ENSG00000139182	469
ENSG00000118683	7
ENSG00000125389	133
ENSG00000199044	140
ENSG00000155496	6
ENSG00000141888	90
ENSG00000133994	119
ENSG00000132985	36
ENSG00000224541	9779
ENSG00000171628	163
ENSG00000239093	64
ENSG00000245890	3810
ENSG00000136400	209
ENSG00000231532	93
ENSG00000137163	3
ENSG00000241263	671
ENSG00000150215	871
ENSG00000212864	7151
ENSG00000243479	21
ENSG00000147595	1325
ENSG00000175591	2643
ENSG00000234389	264
ENSG00000189810	96
ENSG00000223828	4
ENSG00000220950	254
ENSG00000175815	90
ENSG00000120276	7
ENSG00000104251	350
ENSG00000119611	165
ENSG00000219244	136
ENSG00000181589	6356
ENSG00000217708	55
ENSG00000224738	0
ENSG00000205868	0
ENSG00000245927	501
ENSG00000147683	138
ENSG00000146460	15
ENSG00000247790	1
ENSG00000193557	24
ENSG00000147238	27
ENSG00000168349	121
ENSG00000160895	31
ENSG00000229438	14
ENSG00000100283	155
ENSG00000149707	29
ENSG00000204363	177
ENSG00000199111	4
ENSG00000130160	13
ENSG00000134875	1607
ENSG00000147488	144
ENSG00000109059	19
ENSG00000184152	125
ENSG00000122778	58
ENSG00000244745	60
ENSG00000244436	3624
ENSG00000158022	84
ENSG00000220894	163
ENSG00000179956	30
ENSG00000180903	40
ENSG00000116215	6
ENSG00000113948	18
ENSG00000237845	59
ENSG00000193238	68
ENSG00000209808	164
ENSG00000175046	205
ENSG00000152753	247
ENSG00000245591	61
ENSG00000109693	1593
ENSG00000201647	453
ENSG00000104226	1137
ENSG00000204738	138
ENSG00000107684	1952
ENSG00000236874	101
ENSG00000190798	5
ENSG00000109716	57
ENSG00000155342	89
ENSG00000143677	8
ENSG00000175777	21
ENSG00000115123	52
ENSG00000204085	11771
ENSG00000138876	371
ENSG00000242044	6230
ENSG00000101658	1510
ENSG00000123966	1532
ENSG00000246368	1423
ENSG00000237716	6
ENSG00000112954	2040
ENSG00000190346	17
ENSG00000145042	399
ENSG00000212021	86
ENSG00000232200	3182
ENSG00000115798	1748
ENSG00000122906	4781
ENSG00000132938	523
ENSG00000215895	156
ENSG00000118117	773
ENSG00000240102	15448
ENSG00000153117	404
ENSG00000104124	149
ENSG00000234490	8
ENSG00000181164	12
ENSG00000227011	99
ENSG00000214463	221
ENSG00000208725	425
ENSG00000104428	67
ENSG00000232645	306
ENSG00000214520	4347
ENSG00000127510	4705
ENSG00000112816	1411
ENSG00000165970	4069
ENSG00000132450	1459
ENSG00000178594	3987
ENSG00000220471	24
ENSG00000118425	29
ENSG00000130243	161
ENSG00000196829	302
ENSG00000182411	1656
ENSG00000142638	1
ENSG00000186548	281
ENSG00000113858	325
ENSG00000156991	44
ENSG00000225926	101
ENSG00000116283	1251
ENSG00000118096	323
ENSG00000148895	84
ENSG00000216393	152
ENSG00000174233	81
ENSG00000126695	1245
ENSG00000231504	91
ENSG00000155027	364
ENSG00000242124	66
ENSG00000117800	133
ENSG00000165140	31
ENSG00000248678	102
ENSG00000211154	1163
ENSG00000140554	18
ENSG00000241854	51
ENSG00000114213	193
ENSG00000106172	89
ENSG00000189069	913
ENSG00000140380	9
ENSG00000117665	1294
ENSG00000135144	2031
ENSG00000137731	3055
ENSG00000222746	205
ENSG00000171791	27
ENSG00000118464	8
ENSG00000234761	614
ENSG00000231783	921
ENSG00000152338	197
ENSG00000137224	293
ENSG00000154432	1077
ENSG00000178542	105
ENSG00000133591	7
ENSG00000158540	15
ENSG00000194673	37
ENSG00000121385	17
ENSG00000225109	2
ENSG00000119060	35
ENSG00000217288	15
ENSG00000232493	487
ENSG00000222159	134
ENSG00000100015	631
ENSG00000205823	10
ENSG00000201288	22
ENSG00000159562	5
ENSG00000171101	314
ENSG00000229711	30435
ENSG00000191675	152
ENSG00000133259	73
ENSG00000109899	389
ENSG00000219432	145
ENSG00000204631	1047
ENSG00000134858	105
ENSG00000240611	23
ENSG00000201343	4
ENSG00000159657	340
ENSG00000235833	618
ENSG00000112093	243
ENSG00000218673	11
ENSG00000109228	60
ENSG00000114160	59
ENSG00000168755	676
ENSG00000105354	228
ENSG00000174072	1471
ENSG00000138524	106
ENSG00000104290	33
ENSG00000155738	6197
ENSG00000144495	10
ENSG00000242204	24
ENSG00000175826	6628
ENSG00000199080	214
ENSG00000233072	5951
ENSG00000225025	2
ENSG00000182039	1750
ENSG00000119155	172
ENSG00000132890	130
ENSG00000180174	275
ENSG00000173682	0
ENSG00000113001	20
ENSG00000216964	367
ENSG00000151573	43286
ENSG00000186979	36
ENSG00000184761	20021
ENSG00000113730	720
ENSG00000157568	1694
ENSG00000198840	22
ENSG00000246614	452
ENSG00000218926	16
ENSG00000159221	13
ENSG00000242261	2270
ENSG00000207972	37
ENSG00000112044	47
ENSG00000113851	931
ENSG00000218320	34
ENSG00000200649	15
ENSG00000164766	169
ENSG00000148862	304
ENSG00000229668	3360
ENSG00000157105	17
ENSG00000178901	647
ENSG00000143075	889
ENSG00000170090	49
ENSG00000227267	105
ENSG00000128876	119
ENSG00000102831	16
ENSG00000165416	9
ENSG00000206232	609
ENSG00000125371	13
ENSG00000106774	31
ENSG00000171901	865
ENSG00000160388	44
ENSG00000125519	33
ENSG00000161152	8
ENSG00000104025	13
ENSG00000108998	5
ENSG00000113993	8
ENSG00000179424	3244
ENSG00000176199	33
ENSG00000200127	4
ENSG00000242337	10
ENSG00000100560	457
ENSG00000162392	12
ENSG00000149387	115
ENSG00000154100	22
ENSG00000227941	3
ENSG00000154886	29
ENSG00000218039	18
ENSG00000174424	106
ENSG00000172769	406
ENSG00000222015	111
ENSG00000163660	25174
ENSG00000202690	12
ENSG00000117218	1165
ENSG00000178779	205
ENSG00000164421	1786
ENSG00000215181	306
ENSG00000225838	1
ENSG00000139976	91
ENSG00000106802	1067
ENSG00000149271	133
ENSG00000216069	8
ENSG00000203236	40
ENSG00000215729	257
ENSG00000147509	1107
ENSG00000145651	84
ENSG00000218216	151
ENSG00000124701	35
ENSG00000129413	13
ENSG00000140506	36
ENSG00000165336	1756
ENSG00000198254	396
ENSG00000155882	63
ENSG00000173622	135
ENSG00000137885	363
ENSG00000190350	73
ENSG00000246854	59
ENSG00000234841	67
ENSG00000155708	276
ENSG00000216084	79
ENSG00000122149	730
ENSG00000127880	3
ENSG00000190194	40
ENSG00000249434	30
ENSG00000137832	543
ENSG00000240421	24
ENSG00000106131	30
ENSG00000122878	302
ENSG00000212427	124
ENSG00000147580	46
ENSG00000168602	42
ENSG00000245437	13
ENSG00000205287	477
ENSG00000191672	283
ENSG00000148178	420
ENSG00000245262	13153
ENSG00000123835	2014
ENSG00000146443	403
ENSG00000197158	111
ENSG00000160903	13641
ENSG00000133723	240
ENSG00000211122	47
ENSG00000159389	2034
ENSG00000141083	370
ENSG00000221585	44
ENSG00000133711	192
ENSG00000188820	7805
ENSG00000204552	245
ENSG00000160877	474
ENSG00000179884	24
ENSG00000102320	84
ENSG00000164091	629
ENSG00000192875	144
ENSG00000155874	235
ENSG00000108761	2522
ENSG00000191692	104
ENSG00000100720	3572
ENSG00000204458	30
ENSG00000205838	35
ENSG00000226398	31
ENSG00000210085	11
ENSG00000175894	644
ENSG00000122992	252
ENSG00000185391	2902
ENSG00000175474	70
ENSG00000115691	545
ENSG00000157217	1666
ENSG00000228168	54
ENSG00000127319	108
ENSG00000228707	0
ENSG00000180820	8014
ENSG00000175944	227
ENSG00000232281	235
ENSG00000173231	80
ENSG00000144306	235
ENSG00000125956	24
ENSG00000148374	910
ENSG00000240004	199
ENSG00000219435	90
ENSG00000159351	353
ENSG00000146500	0
ENSG00000142378	232
ENSG00000207632	58
ENSG00000111328	3313
ENSG00000190515	652
ENSG00000134722	109
ENSG00000197568	80
ENSG00000126531	47809
ENSG00000238832	24
ENSG00000196848	8055
ENSG00000228898	1101
ENSG00000175249	591
ENSG00000137768	3
ENSG00000175240	668
ENSG00000154703	47
ENSG00000155241	40
ENSG00000188306	322
ENSG00000199971	25
ENSG00000126594	624
ENSG00000197811	14
ENSG00000227482	543
ENSG00000231875	202
ENSG00000121488	43
ENSG00000244934	19
ENSG00000213705	24
ENSG00000162461	63
ENSG00000161839	47
ENSG00000188266	8218
ENSG00000245502	460
ENSG00000208896	36
ENSG00000106850	50
ENSG00000234867	31
ENSG00000187048	318
ENSG00000196193	145
ENSG00000229704	36
ENSG00000233419	16
ENSG00000208925	95
ENSG00000135728	18
ENSG00000106431	169
ENSG00000191671	21
ENSG00000136997	317
ENSG00000218124	33
ENSG00000203696	670
ENSG00000121963	74
ENSG00000107276	10
ENSG00000244248	15
ENSG00000244626	57
ENSG00000134598	199
ENSG00000203815	204
ENSG00000121851	251
ENSG00000138961	407
ENSG00000107288	363
ENSG00000108471	214
ENSG00000115101	116
ENSG00000205692	500
ENSG00000105632	113
ENSG00000213531	129
ENSG00000221063	172
ENSG00000232716	12387
ENSG00000239930	6
ENSG00000249726	60
ENSG00000225812	144
ENSG00000129124	217
ENSG00000209941	183
ENSG00000228788	6449
ENSG00000132055	17
ENSG00000209946	4190
ENSG00000151927	10
ENSG00000107968	30
ENSG00000209287	413
ENSG00000107426	253
ENSG00000190352	155
ENSG00000130610	170
ENSG00000158969	283
ENSG00000246237	925
ENSG00000234773	205
ENSG00000157611	13
ENSG00000161341	37
ENSG00000147500	1480
ENSG00000204884	6778
ENSG00000146359	1552
ENSG00000238636	1017
ENSG00000140045	195
ENSG00000145777	7187
ENSG00000122761	46
ENSG00000185258	54
ENSG00000162618	31
ENSG00000175568	2875
ENSG00000232601	96
ENSG00000145134	301
ENSG00000164027	8
ENSG00000146010	16
ENSG00000206052	930
ENSG00000237285	1193
ENSG00000213850	823
ENSG00000117928	138
ENSG00000175121	90
ENSG00000131920	53
ENSG00000167640	30
ENSG00000211893	83
ENSG00000215667	2102
ENSG00000195886	66
ENSG00000129668	15
ENSG00000113028	110
ENSG00000128467	27
ENSG00000145260	19
ENSG00000170314	154
ENSG00000110721	24
ENSG00000181350	10
ENSG00000185456	2660
ENSG00000183304	5149
ENSG00000234706	331
ENSG00000130718	3789
ENSG00000202203	99
ENSG00000210863	197
ENSG00000214297	2208
ENSG00000161202	312
ENSG00000185547	885
ENSG00000175327	0
ENSG00000122140	378
ENSG00000196263	85
ENSG00000240151	63
ENSG00000141828	6
ENSG00000146635	49
ENSG00000148379	334
ENSG00000171473	443
ENSG00000161046	807
ENSG00000150587	708
ENSG00000216551	498
ENSG00000223489	308
ENSG00000235120	71
ENSG00000245066	62
ENSG00000127877	62
ENSG00000123334	27
ENSG00000105041	21
ENSG00000199923	161
ENSG00000240685	1
ENSG00000128376	9
ENSG00000143615	26
ENSG00000134841	398
ENSG00000108841	1102
ENSG00000128155	322
ENSG00000157760	160
ENSG00000170574	42
ENSG00000166087	1503
ENSG00000202042	442
ENSG00000221211	28
ENSG00000143510	63
ENSG00000178581	332
ENSG00000196930	1243
ENSG00000149118	66
ENSG00000219966	4473
ENSG00000225404	1463
ENSG00000171482	40
ENSG00000117414	96
ENSG00000167542	16
ENSG00000115236	21
ENSG00000184214	197
ENSG00000203761	2300
ENSG00000108488	2118
ENSG00000212677	210
ENSG00000220914	96
ENSG00000232993	29
ENSG00000133530	225
ENSG00000127749	41
ENSG00000138484	721
ENSG00000153950	206
ENSG00000164976	330
ENSG00000236183	64
ENSG00000131339	7041
ENSG00000236447	990
ENSG00000115653	89
ENSG00000187835	39
ENSG00000145574	677
ENSG00000182553	680
ENSG00000149923	24
ENSG00000235641	202
ENSG00000107175	12629
ENSG00000204826	339
ENSG00000122526	49
ENSG00000191838	450
ENSG00000247306	5692
ENSG00000236018	101
ENSG00000193492	65
ENSG00000237876	91
ENSG00000104287	122
ENSG00000247499	2209
ENSG00000217655	116
ENSG00000224233	2
ENSG00000215694	607
ENSG00000219464	297
ENSG00000185779	553
ENSG00000228300	534
ENSG00000201485	120
ENSG00000211604	372
ENSG00000243289	62
ENSG00000191182	6
ENSG00000228360	135
ENSG00000156645	12
ENSG00000214200	3429
ENSG00000191345	71
ENSG00000138025	5826
ENSG00000118292	8
ENSG00000229356	10
ENSG00000108911	407
ENSG00000206488	5
ENSG00000209115	20
ENSG00000249676	8
ENSG00000162446	409
ENSG00000115327	6
ENSG00000137674	84
ENSG00000114813	2
ENSG00000103882	520
ENSG00000230346	878
ENSG00000189807	232
ENSG00000236189	13
ENSG00000118491	310
ENSG00000181970	1644
ENSG00000241716	680
ENSG00000105449	1915
ENSG00000179499	3395
ENSG00000130533	206
ENSG00000162598	73
ENSG00000198887	20
ENSG00000207080	108
ENSG00000215646	58
ENSG00000155181	57
ENSG00000178421	127
ENSG00000200064	7179
ENSG00000154255	43
ENSG00000208159	77
ENSG00000120680	82
ENSG00000137720	7
ENSG00000205453	1292
ENSG00000167204	54
ENSG00000231744	514
ENSG00000109086	4
ENSG00000224271	531
ENSG00000238264	176
ENSG00000180711	5
ENSG00000132751	632
ENSG00000244633	525
ENSG00000107935	247
ENSG00000166538	350
ENSG00000199981	32
ENSG00000199487	1057
ENSG00000177299	110
ENSG00000132670	330
ENSG00000229181	405
ENSG00000213416	244
ENSG00000133733	48
ENSG00000133814	149
ENSG00000123148	185
ENSG00000157747	1665
ENSG00000202256	31
ENSG00000125763	475
ENSG00000221906	460
ENSG00000190998	180
ENSG00000170478	8892
ENSG00000129484	558
ENSG00000189661	49
ENSG00000228647	380
ENSG00000163840	35
ENSG00000178884	21
ENSG00000156608	37
ENSG00000238178	43
ENSG00000165464	2122
ENSG00000134489	883
ENSG00000112377	1
ENSG00000125963	160
ENSG00000225579	42
ENSG00000178563	113
ENSG00000183559	118
ENSG00000205585	77
ENSG00000179390	306
ENSG00000167432	32
ENSG00000238448	2342
ENSG00000171003	83
ENSG00000182743	1979
ENSG00000215759	122
ENSG00000124986	224
ENSG00000168803	33
ENSG00000160552	1177
ENSG00000225504	148
ENSG00000199183	58
ENSG00000140105	363
ENSG00000238049	550
ENSG00000145267	5
ENSG00000151694	41
ENSG00000123365	17
ENSG00000127379	630
ENSG00000146004	234
ENSG00000154870	20
ENSG00000195696	37
ENSG00000170692	111
ENSG00000215234	1
ENSG00000235463	125
ENSG00000192885	4057
ENSG00000235950	10
ENSG00000154940	20
ENSG00000148671	20
ENSG00000132096	178
ENSG00000139695	28
ENSG00000227187	5603
ENSG00000150371	81
ENSG00000208913	69
ENSG00000201737	8
ENSG00000240492	623
ENSG00000135637	1305
ENSG00000207273	387
ENSG00000100358	2036
ENSG00000245577	2341
ENSG00000201102	194
ENSG00000131512	101
ENSG00000167522	60
ENSG00000124561	196
ENSG00000215054	93
ENSG00000207155	3604
ENSG00000202331	542
ENSG00000141224	82
ENSG00000154080	81
ENSG00000153880	491
ENSG00000101100	1117
ENSG00000223890	289
ENSG00000244148	914
ENSG00000109590	76
ENSG00000156730	98
ENSG00000205665	409
ENSG00000138634	146
ENSG00000219418	431
ENSG00000200078	959
ENSG00000212768	195
ENSG00000242580	1190
ENSG00000185533	58
ENSG00000164515	299
ENSG00000207687	26
ENSG00000190486	128
ENSG00000170965	475
ENSG00000135335	3233
ENSG00000136652	147
ENSG00000203425	117
ENSG00000195602	2669
ENSG00000150406	31
ENSG00000182370	1141
ENSG00000191638	25
ENSG00000244814	1
ENSG00000190003	179
ENSG00000167923	68
ENSG00000191543	33
ENSG00000248558	2
ENSG00000214472	275
ENSG00000221919	83
ENSG00000122079	9
ENSG00000182541	99
ENSG00000247675	10
ENSG00000112025	43
ENSG00000139491	31
ENSG00000127814	1208
ENSG00000148544	108
ENSG00000228479	1840
ENSG00000147962	50
ENSG00000167006	13
ENSG00000231862	5757
ENSG00000159791	5
ENSG00000125072	2134
ENSG00000207733	25
ENSG00000202318	914
ENSG00000176590	32
ENSG00000190953	3229
ENSG00000120125	6382
ENSG00000211825	1316
ENSG00000230161	427
ENSG00000219911	56
ENSG00000170821	426
ENSG00000198065	9685
ENSG00000239259	39
ENSG00000234297	20
ENSG00000136404	6257
ENSG00000146882	67
ENSG00000111809	765
ENSG00000175008	152
ENSG00000231345	253
ENSG00000176084	153
ENSG00000179816	148
ENSG00000113780	8
ENSG00000133107	72
ENSG00000237855	18
ENSG00000127644	2166
ENSG00000135339	33
ENSG00000152087	180
ENSG00000100693	4
ENSG00000204819	189
ENSG00000105862	2570
ENSG00000221461	165
ENSG00000238938	969
ENSG00000168452	102
ENSG00000180729	55
ENSG00000209365	767
ENSG00000131643	23
ENSG00000183970	13
ENSG00000166620	149
ENSG00000176980	45
ENSG00000246491	2399
ENSG00000239161	1036
ENSG00000191760	7
ENSG00000244024	498
ENSG00000148466	17
ENSG00000106288	166
ENSG00000210686	204
ENSG00000241388	44
ENSG00000227709	49
ENSG00000128335	380
ENSG00000120003	67
ENSG00000112449	26
ENSG00000212757	3149
ENSG00000161483	800
ENSG00000100716	189
ENSG00000103629	259
ENSG00000153044	847
ENSG00000236279	160
ENSG00000103824	873
ENSG00000212868	315
ENSG00000123805	16
ENSG00000228380	1819
ENSG00000202603	309
ENSG00000147919	15
ENSG00000228347	96
ENSG00000166283	1
ENSG00000123902	11
ENSG00000138619	13
ENSG00000112752	485
ENSG00000129376	475
ENSG00000106829	1656
ENSG00000186765	327
ENSG00000147559	4470
ENSG00000102688	52
ENSG00000121603	63
ENSG00000245013	25
ENSG00000226000	222
ENSG00000100094	76
ENSG00000244449	43
ENSG00000114168	58
ENSG00000234274	309
ENSG00000102327	14
ENSG00000117525	214
ENSG00000177435	178
ENSG00000190605	2947
ENSG00000174716	196
ENSG00000110758	12
ENSG00000151972	231
ENSG00000218532	260
ENSG00000171974	7
ENSG00000242117	0
ENSG00000230442	853
ENSG00000114451	89
ENSG00000234172	23
ENSG00000145607	91
ENSG00000176819	1688
ENSG00000127034	4275
ENSG00000209354	82
ENSG00000126660	2769
ENSG00000104496	112
ENSG00000192081	134
ENSG00000183460	126
ENSG00000101474	131
ENSG00000122773	86
ENSG00000146340	29
ENSG00000104892	164
ENSG00000235218	18
ENSG00000151968	554
ENSG00000174800	29
ENSG00000202424	424
ENSG00000239116	64
ENSG00000106195	5
ENSG00000128620	863
ENSG00000199903	307
ENSG00000214186	109
ENSG00000112459	60
ENSG00000164131	4999
ENSG00000106644	89
ENSG00000230373	1040
ENSG00000224834	136
ENSG00000106099	15
ENSG00000248037	571
ENSG00000199494	5
ENSG00000108464	620
ENSG00000122672	270
ENSG00000196012	152
ENSG00000125582	38
ENSG00000243271	1965
ENSG00000161919	4473
ENSG00000203172	23
ENSG00000140395	114
ENSG00000198107	3415
ENSG00000186750	49
ENSG00000180043	761
ENSG00000163311	28
ENSG00000116808	44
ENSG00000106000	323
ENSG00000116406	220
ENSG00000180606	8
ENSG00000223365	23
ENSG00000241321	559
ENSG00000138172	2062
ENSG00000121300	363
ENSG00000224339	247
ENSG00000137125	417
ENSG00000203801	37
ENSG00000196084	171
ENSG00000173367	893
ENSG00000208485	686
ENSG00000238791	16
ENSG00000238777	18
ENSG00000243470	1271
ENSG00000118613	7
ENSG00000123836	20
ENSG00000104389	3873
ENSG00000126877	10
ENSG00000111754	24
ENSG00000140574	553
ENSG00000215519	607
ENSG00000143389	84
ENSG00000183175	10
ENSG00000126492	60
ENSG00000164063	167
ENSG00000157235	20
ENSG00000151720	10
ENSG00000185863	1963
ENSG00000212081	472
ENSG00000249293	601
ENSG00000195971	807
ENSG00000239503	15
ENSG00000161262	386
ENSG00000115989	1738
ENSG00000203939	604
ENSG00000244312	29
ENSG00000220693	4
ENSG00000178808	17
ENSG00000202857	448
ENSG00000117168	81
ENSG00000107465	212
ENSG00000209268	11
ENSG00000155072	1033
ENSG00000148689	71
ENSG00000188917	1166
ENSG00000195458	106
ENSG00000189625	0
ENSG00000123305	75
ENSG00000130425	11
ENSG00000239700	30
ENSG00000224701	122
ENSG00000102353	1446
ENSG00000136472	734
ENSG00000129004	2837
ENSG00000232207	157
ENSG00000124947	4
ENSG00000202727	60
ENSG00000135120	20
ENSG00000203306	39
ENSG00000136669	24113
ENSG00000204590	569
ENSG00000179930	11
ENSG00000175017	1639
ENSG00000146038	66
ENSG00000173529	5
ENSG00000108495	2178
ENSG00000177590	48
ENSG00000244076	178
ENSG00000169150	16521
ENSG00000203991	16
ENSG00000116922	870
ENSG00000154132	66
ENSG00000139662	11
ENSG00000117961	158
ENSG00000178469	262
ENSG00000156342	166
ENSG00000181582	7
ENSG00000163367	907
ENSG00000120203	30
ENSG00000189506	298
ENSG00000182580	134
ENSG00000230414	65
ENSG00000135757	484
ENSG00000127418	41
ENSG00000205006	8
ENSG00000196937	0
ENSG00000122549	5
ENSG00000153587	40
ENSG00000148144	0
ENSG00000222656	52
ENSG00000170436	72
ENSG00000107439	5466
ENSG00000103545	11
ENSG00000155691	926
ENSG00000145568	204
ENSG00000121920	376
ENSG00000170826	31
ENSG00000113927	16
ENSG00000241314	74
ENSG00000116901	173
ENSG00000159571	711
ENSG00000203041	56
ENSG00000118008	2532
ENSG00000203125	2858
ENSG00000160311	0
ENSG00000243595	197
ENSG00000124784	118
ENSG00000154869	14
ENSG00000101748	0
ENSG00000247097	4
ENSG00000134551	46
ENSG00000179794	400
ENSG00000111396	314
ENSG00000214287	509
ENSG00000103053	53
ENSG00000178677	581
ENSG00000212697	295
ENSG00000233847	846
ENSG00000209997	91
ENSG00000123022	54
ENSG00000216215	6
ENSG00000216082	2441
ENSG00000186337	43
ENSG00000222166	20
ENSG00000220490	2
ENSG00000167027	285
ENSG00000114805	6
ENSG00000135191	176
ENSG00000196985	238
ENSG00000226509	1394
ENSG00000132872	41
ENSG00000118106	2
ENSG00000182102	1374
ENSG00000163208	307
ENSG00000130675	63
ENSG00000137579	99
ENSG00000138303	7393
ENSG00000241588	172
ENSG00000179931	49
ENSG00000203423	140
ENSG00000127538	447
ENSG00000137656	352
ENSG00000205454	191
ENSG00000155419	210
ENSG00000130488	21
ENSG00000166950	490
ENSG00000186928	1140
ENSG00000190518	211
ENSG00000222736	125
ENSG00000154943	171
ENSG00000142795	188
ENSG00000235267	227
ENSG00000224808	1
ENSG00000154418	119
ENSG00000213911	2340
ENSG00000248187	41
ENSG00000234457	52
ENSG00000187243	485
ENSG00000234454	156
ENSG00000230062	14
ENSG00000230892	316
ENSG00000216150	4773
ENSG00000200803	8837
ENSG00000195968	196
ENSG00000148585	72
ENSG00000125622	656
ENSG00000156226	386
ENSG00000230790	371
ENSG00000166448	162
ENSG00000241680	10
ENSG00000175527	14
ENSG00000163803	159
ENSG00000139820	16
ENSG00000199186	487
ENSG00000222531	940
ENSG00000247763	2433
ENSG00000113355	187
ENSG00000160537	6445
ENSG00000239445	2353
ENSG00000129236	227
ENSG00000114411	702
ENSG00000106069	20
ENSG00000155373	0
ENSG00000226631	710
ENSG00000122372	341
ENSG00000177262	3084
ENSG00000158369	690
ENSG00000163050	71
ENSG00000205503	50
ENSG00000188284	49
ENSG00000135619	380
ENSG00000195580	2
ENSG00000151626	16
ENSG00000210452	471
ENSG00000200130	4
ENSG00000249859	12
ENSG00000152236	43
ENSG00000107896	62
ENSG00000130829	178
ENSG00000120027	1111
ENSG00000222987	276
ENSG00000145225	573
ENSG00000204658	24
ENSG00000248281	165
ENSG00000157257	43
ENSG00000153136	116
ENSG00000235033	244
ENSG00000196984	431
ENSG00000236756	7
ENSG00000212387	17
ENSG00000152376	11299
ENSG00000132074	2
ENSG00000172125	171
ENSG00000179161	13
ENSG00000176081	59
ENSG00000133629	67
ENSG00000183412	208
ENSG00000218406	19
ENSG00000169597	1963
ENSG00000129428	13240
ENSG00000246843	0
ENSG00000158862	35
ENSG00000181421	7
ENSG00000225484	184
ENSG00000224325	2611
ENSG00000122194	1790
ENSG00000247658	3058
ENSG00000134779	239
ENSG00000211518	106
ENSG00000214938	1986
ENSG00000177084	44
ENSG00000232378	32
ENSG00000246385	163
ENSG00000135116	13
ENSG00000116814	132
ENSG00000159586	16
ENSG00000104888	204
ENSG00000120963	821
ENSG00000204033	43
ENSG00000165903	572
ENSG00000238921	1532
ENSG00000190685	16
ENSG00000105158	161
ENSG00000118134	78
ENSG00000107438	8227
ENSG00000135798	84
ENSG00000226650	129
ENSG00000180809	11
ENSG00000240593	36
ENSG00000155754	343
ENSG00000157074	81
ENSG00000107849	697
ENSG00000155503	115
ENSG00000133649	43698
ENSG00000168890	66
ENSG00000197753	1414
ENSG00000128800	61
ENSG00000192940	70
ENSG00000129421	6
ENSG00000159074	41626
ENSG00000197087	4
ENSG00000110663	185
ENSG00000213431	55
ENSG00000152895	742
ENSG00000224741	48
ENSG00000218718	6142
ENSG00000223519	1334
ENSG00000193429	346
ENSG00000113842	551
ENSG00000148701	2399
ENSG00000136696	633
ENSG00000249468	2660
ENSG00000201040	573
ENSG00000153822	236
ENSG00000243792	455
ENSG00000134256	211
ENSG00000246071	1773
ENSG00000159130	67
ENSG00000134000	232
ENSG00000195154	7
ENSG00000191484	652
ENSG00000142781	166
ENSG00000208079	66
ENSG00000229743	3254
ENSG00000150940	155
ENSG00000167878	12
ENSG00000155972	1476
ENSG00000191972	163
ENSG00000228083	1
ENSG00000192969	690
ENSG00000135188	288
ENSG00000242934	196
ENSG00000185366	181
ENSG00000176040	26
ENSG00000241112	243
ENSG00000221425	10
ENSG00000215469	156
ENSG00000173173	707
ENSG00000144987	907
ENSG00000158949	56
ENSG00000135782	8523
ENSG00000207299	294
ENSG00000126389	51
ENSG00000158909	181
ENSG00000114992	25
ENSG00000190298	496
ENSG00000133292	26
ENSG00000228580	26
ENSG00000189347	17
ENSG00000193517	36
ENSG00000206676	93
ENSG00000249480	7511
ENSG00000230993	314
ENSG00000233868	1159
ENSG00000127854	72
ENSG00000151861	708
ENSG00000194064	14
ENSG00000100347	25
ENSG00000151308	5207
ENSG00000199975	329
ENSG00000124573	7
ENSG00000139592	441
ENSG00000220840	98
ENSG00000247706	110
ENSG00000102246	1685
ENSG00000158442	11
ENSG00000154304	1752
ENSG00000224358	218
ENSG00000206606	74
ENSG00000119047	16
ENSG00000148450	6138
ENSG00000237426	39
ENSG00000185488	13
ENSG00000232357	98
ENSG00000111764	470
ENSG00000176705	669
ENSG00000100967	4378
ENSG00000141194	612
ENSG00000227708	268
ENSG00000136169	12188
ENSG00000198637	12698
ENSG00000134725	14
ENSG00000106434	1051
ENSG00000104167	51
ENSG00000214505	2555
ENSG00000149518	21
ENSG00000227872	159
ENSG00000125255	5405
ENSG00000247911	436
ENSG00000209933	1009
ENSG00000180777	38
ENSG00000226154	25
ENSG00000128741	12
ENSG00000200035	616
ENSG00000115333	17
ENSG00000238385	2620
ENSG00000199075	81
ENSG00000166085	2601
ENSG00000215354	528
ENSG00000101305	10
ENSG00000118135	142
ENSG00000243087	441
ENSG00000125236	197
ENSG00000171554	188
ENSG00000114275	1552
ENSG00000113046	847
ENSG00000235838	537
ENSG00000152719	69
ENSG00000215664	3
ENSG00000135266	534
ENSG00000131289	50
ENSG00000157587	65
ENSG00000119732	59
ENSG00000109595	225
ENSG00000105925	8
ENSG00000156917	93
ENSG00000221357	1530
ENSG00000220568	14
ENSG00000177848	88
ENSG00000166073	3758
ENSG00000186932	829
ENSG00000152650	812
ENSG00000237183	311
ENSG00000158470	8
ENSG00000158030	195
ENSG00000152094	28
ENSG00000106427	197
ENSG00000123352	16
ENSG00000152368	18
ENSG00000131253	123
ENSG00000154030	982
ENSG00000184977	59
ENSG00000207886	233
ENSG00000212250	517
ENSG00000115806	435
ENSG00000121681	1
ENSG00000164499	58
ENSG00000196152	225
ENSG00000146746	111
ENSG00000180155	5520
ENSG00000136118	687
ENSG00000128390	9
ENSG00000206608	802
ENSG00000233775	1658
ENSG00000214718	464
ENSG00000205977	417
ENSG00000236428	12
ENSG00000195642	143
ENSG00000159865	648
ENSG00000169723	88
ENSG00000123544	102
ENSG00000147494	360
ENSG00000144068	37
ENSG00000109127	14
ENSG00000233017	113
ENSG00000118920	92
ENSG00000213489	739
ENSG00000162931	75
ENSG00000226407	12
ENSG00000177433	323
ENSG00000229515	38
ENSG00000178506	493
ENSG00000128470	71
ENSG00000133770	494
ENSG00000196750	173
ENSG00000131587	139
ENSG00000141996	11
ENSG00000233627	148
ENSG00000129546	3973
ENSG00000229718	448
ENSG00000131210	1819
ENSG00000180925	111
ENSG00000192207	103
ENSG00000121479	27
ENSG00000136734	414
ENSG00000145554	27
ENSG00000213671	34
ENSG00000115830	778
ENSG00000239863	19
ENSG00000162737	5899
ENSG00000158016	267
ENSG00000101676	43
ENSG00000126829	1573
ENSG00000189731	43
ENSG00000131120	98
ENSG00000100129	201
ENSG00000211863	1708
ENSG00000107322	4633
ENSG00000210363	324
ENSG00000201839	13
ENSG00000170113	17
ENSG00000237630	87
ENSG00000171709	702
ENSG00000199958	205
ENSG00000208386	213
ENSG00000134140	118
ENSG00000135045	2281
ENSG00000117402	19
ENSG00000177734	5642
ENSG00000231355	1167
ENSG00000203008	608
ENSG00000211656	166
ENSG00000195917	129
ENSG00000181317	120
ENSG00000113049	28
ENSG00000148552	48
ENSG00000223715	31
ENSG00000104443	455
ENSG00000151749	165
ENSG00000156394	326
ENSG00000106691	48
ENSG00000145454	14
ENSG00000210047	28
ENSG00000211281	251
ENSG00000149039	12
ENSG00000128605	686
ENSG00000227691	24
ENSG00000154191	79
ENSG00000188851	152
ENSG00000219523	8
ENSG00000244124	1
ENSG00000168134	1520
ENSG00000151556	116
ENSG00000171556	30
ENSG00000141444	4782
ENSG00000223434	10664
ENSG00000129631	106
ENSG00000130036	177
ENSG00000145919	31812
ENSG00000156913	54
ENSG00000235036	1815
ENSG00000195710	930
ENSG00000249323	66
ENSG00000167341	36
ENSG00000200278	45
ENSG00000204759	232
ENSG00000207478	219
ENSG00000167252	26884
ENSG00000190567	12
ENSG00000169285	283
ENSG00000147702	12
ENSG00000198634	1209
ENSG00000230990	274
ENSG00000180669	13
ENSG00000209016	64
ENSG00000181860	173
ENSG00000101155	568
ENSG00000204182	448
ENSG00000108274	532
ENSG00000141648	81
ENSG00000208196	434
ENSG00000113418	245
ENSG00000216613	869
ENSG00000137568	564
ENSG00000157892	12
ENSG00000157134	84
ENSG00000243046	22
ENSG00000185381	143
ENSG00000110875	427
ENSG00000116718	219
ENSG00000233758	115
ENSG00000176042	56
ENSG00000178154	3965
ENSG00000116824	134
ENSG00000162491	26
ENSG00000110374	82
ENSG00000198271	1294
ENSG00000216116	10531
ENSG00000212815	2611
ENSG00000144635	82
ENSG00000145438	839
ENSG00000118210	3
ENSG00000140965	646
ENSG00000241002	57
ENSG00000184452	371
ENSG00000124783	12
ENSG00000122666	343
ENSG00000114853	9
ENSG00000178735	12
ENSG00000219833	3189
ENSG00000216909	23
ENSG00000138329	597
ENSG00000201714	59
ENSG00000180384	147
ENSG00000239469	293
ENSG00000142024	1383
ENSG00000119689	655
ENSG00000203019	21
ENSG00000204152	37
ENSG00000193231	1652
ENSG00000105580	3606
ENSG00000225333	69
ENSG00000151251	575
ENSG00000125151	195
ENSG00000195214	2157
ENSG00000207320	45
ENSG00000130838	1116
ENSG00000113522	24
ENSG00000191480	9
ENSG00000160261	408
ENSG00000139025	469
ENSG00000182162	7
ENSG00000227072	1
ENSG00000127829	149
ENSG00000229874	467
ENSG00000204056	71
ENSG00000118751	105
ENSG00000127669	71
ENSG00000226233	59
ENSG00000117616	402
ENSG00000137836	1775
ENSG00000170413	282
ENSG00000134638	46
ENSG00000192283	43
ENSG00000159379	253
ENSG00000145054	0
ENSG00000226213	188
ENSG00000185419	179
ENSG00000112767	234
ENSG00000236725	84
ENSG00000235290	141
ENSG00000188155	10
ENSG00000167135	386
ENSG00000105691	65
ENSG00000144506	205
ENSG00000110560	98
ENSG00000128969	4
ENSG00000126789	299
ENSG00000126305	95
ENSG00000190221	95
ENSG00000103548	244
ENSG00000198085	2728
ENSG00000189489	150
ENSG00000235675	476
ENSG00000163772	3144
ENSG00000228922	59
ENSG00000135158	1296
ENSG00000215268	109
ENSG00000191963	987
ENSG00000148422	164
ENSG00000216401	1367
ENSG00000154452	23
ENSG00000242924	37
ENSG00000167723	46
ENSG00000112148	114
ENSG00000159295	1849
ENSG00000158576	362
ENSG00000158931	598
ENSG00000222745	118
ENSG00000243594	255
ENSG00000246298	348
ENSG00000142863	359
ENSG00000145875	53
ENSG00000134121	33
ENSG00000163919	24
ENSG00000165106	889
ENSG00000215080	1516
ENSG00000137203	6128
ENSG00000187966	1
ENSG00000116053	762
ENSG00000178939	475
ENSG00000123870	25121
ENSG00000241518	35
ENSG00000114096	29
ENSG00000101770	174
ENSG00000217082	14
ENSG00000120730	5
ENSG00000159990	451
ENSG00000136704	9
ENSG00000113249	22
ENSG00000150706	1639
ENSG00000102846	558
ENSG00000162897	14
ENSG00000200213	2251
ENSG00000120924	116
ENSG00000153349	113
ENSG00000208018	60
ENSG00000178543	110
ENSG00000162855	1450
ENSG00000213002	465
ENSG00000218854	19
ENSG00000194237	61
ENSG00000193687	879
ENSG00000169139	47
ENSG00000150038	19
ENSG00000124690	0
ENSG00000173921	598
ENSG00000148098	230
ENSG00000158220	153
ENSG00000212716	33
ENSG00000120403	47
ENSG00000187838	220
ENSG00000178424	19
ENSG00000200784	117
ENSG00000213198	3918
ENSG00000216489	72
ENSG00000153701	157
ENSG00000152570	3862
ENSG00000168079	95
ENSG00000208543	3031
ENSG00000235858	1291
ENSG00000166054	1409
ENSG00000110610	76
ENSG00000193060	78
ENSG00000165018	2461
ENSG00000130354	236
ENSG00000114577	143
ENSG00000247038	2
ENSG00000113334	110
ENSG00000190382	15137
ENSG00000141276	403
ENSG00000222257	7655
ENSG00000171658	228
ENSG00000134333	7
ENSG00000195006	165
ENSG00000121916	4720
ENSG00000150666	194
ENSG00000141914	120
ENSG00000169842	170
ENSG00000134413	4
ENSG00000197600	65
ENSG00000244415	279
ENSG00000238243	829
ENSG00000215821	1001
ENSG00000157228	7
ENSG00000203115	4
ENSG00000147632	75
ENSG00000226138	34
ENSG00000233988	566
ENSG00000170179	28
ENSG00000123292	211
ENSG00000233427	50
ENSG00000225564	976
ENSG00000222140	64
ENSG00000210903	1
ENSG00000241504	6
ENSG00000223149	296
ENSG00000113626	18
ENSG00000117948	1272
ENSG00000174328	182
ENSG00000106127	3545
ENSG00000117172	155
ENSG00000140349	55
ENSG00000111820	4
ENSG00000127070	439
ENSG00000180968	97
ENSG00000151304	85
ENSG00000131717	18491
ENSG00000215406	689
ENSG00000183040	15
ENSG00000237683	369
ENSG00000118034	9
ENSG00000173271	41
ENSG00000140358	570
ENSG00000172590	13
ENSG00000151058	106
ENSG00000161706	128
ENSG00000125344	270
ENSG00000138848	14
ENSG00000237445	9
ENSG00000137121	150
ENSG00000198690	513
ENSG00000142130	22
ENSG00000111278	944
ENSG00000138487	1673
ENSG00000187027	218
ENSG00000107988	1376
ENSG00000179738	890
ENSG00000157121	2903
ENSG00000230654	247
ENSG00000175535	272
ENSG00000182876	523
ENSG00000212910	1146
ENSG00000108619	22
ENSG00000220727	2731
ENSG00000204949	18
ENSG00000235038	10254
ENSG00000180272	439
ENSG00000184283	40484
ENSG00000141383	326
ENSG00000129895	850
ENSG00000120230	2
ENSG00000128397	135
ENSG00000115667	179
ENSG00000219610	273
ENSG00000132966	472
ENSG00000157292	163
ENSG00000104261	118
ENSG00000103604	1223
ENSG00000239934	6
ENSG00000189742	67
ENSG00000114772	804
ENSG00000189145	211
ENSG00000246762	1584
ENSG00000224439	42
ENSG00000247402	94
ENSG00000137634	403
ENSG00000152382	5751
ENSG00000201799	8
ENSG00000239083	7
ENSG00000149180	26
ENSG00000207821	16
ENSG00000224961	259
ENSG00000149363	1296
ENSG00000240335	164
ENSG00000143457	336
ENSG00000140234	637
ENSG00000192135	348
ENSG00000225631	269
ENSG00000130132	168
ENSG00000194939	684
ENSG00000109500	6
ENSG00000223185	31
ENSG00000218130	187
ENSG00000229303	44681
ENSG00000241219	23
ENSG00000192801	742
ENSG00000181140	27
ENSG00000122408	116
ENSG00000243168	37
ENSG00000147906	4565
ENSG00000161000	223
ENSG00000168952	52
ENSG00000104998	1482
ENSG00000247178	20
ENSG00000148357	251
ENSG00000141056	4
ENSG00000150118	48
ENSG00000177230	361
ENSG00000237506	390
ENSG00000206114	21
ENSG00000222059	27
ENSG00000221315	2
ENSG00000190773	6
ENSG00000239071	84
ENSG00000204859	1608
ENSG00000128104	241
ENSG00000119352	645
ENSG00000161057	146
ENSG00000199413	116
ENSG00000236050	112
ENSG00000119206	3141
ENSG00000114364	39
ENSG00000169177	2388
ENSG00000189475	6
ENSG00000135919	13
ENSG00000238614	116
ENSG00000129129	2
ENSG00000203791	1742
ENSG00000204003	288
ENSG00000179932	269
ENSG00000241466	77
ENSG00000106772	278
ENSG00000106543	47
ENSG00000189527	1485
ENSG00000185539	2784
ENSG00000138669	52
ENSG00000110865	25
ENSG00000209105	13
ENSG00000190089	8
ENSG00000177219	1841
ENSG00000103462	983
ENSG00000111624	4179
ENSG00000204894	350
ENSG00000195960	1093
ENSG00000123023	982
ENSG00000116361	99
ENSG00000216803	196
ENSG00000158211	945
ENSG00000114800	174
ENSG00000152733	35
ENSG00000237267	44
ENSG00000228950	69992
ENSG00000178137	34
ENSG00000176730	44
ENSG00000237138	261
ENSG00000124531	186
ENSG00000206759	2193
ENSG00000249965	80
ENSG00000223764	1386
ENSG00000172272	260
ENSG00000145658	240
ENSG00000188870	116
ENSG00000128606	43
ENSG00000213910	74
ENSG00000136598	14
ENSG00000192808	132
ENSG00000211990	319
ENSG00000143514	516
ENSG00000245076	39
ENSG00000122282	21
ENSG00000198258	63
ENSG00000131229	2318
ENSG00000187709	302
ENSG00000220270	397
ENSG00000212009	2411
ENSG00000223946	527
ENSG00000169935	78
ENSG00000200068	4229
ENSG00000137677	130
ENSG00000239043	2030
ENSG00000189831	382
ENSG00000155225	957
ENSG00000177757	2496
ENSG00000172834	31
ENSG00000228802	14
ENSG00000103263	295
ENSG00000213020	253
ENSG00000138577	155
ENSG00000110341	173
ENSG00000215989	6
ENSG00000185285	257
ENSG00000105695	53
ENSG00000158101	216
ENSG00000156444	110
ENSG00000150274	132
ENSG00000226764	485
ENSG00000111165	1490
ENSG00000144415	149
ENSG00000218311	37
ENSG00000195360	53
ENSG00000163774	2840
ENSG00000155864	8
ENSG00000130107	156
ENSG00000175471	218
ENSG00000167597	396
ENSG00000186710	2
ENSG00000141078	251
ENSG00000246222	0
ENSG00000108365	41
ENSG00000148659	28
ENSG00000171211	3
ENSG00000127241	3591
ENSG00000186017	39
ENSG00000112153	4
ENSG00000214343	12
ENSG00000167279	88
ENSG00000202230	484
ENSG00000192846	106
ENSG00000197517	8
ENSG00000114674	1818
ENSG00000215597	183
ENSG00000115104	3688
ENSG00000193320	1952
ENSG00000105482	174
ENSG00000161070	2148
ENSG00000176997	120
ENSG00000235110	905
ENSG00000191266	4
ENSG00000138412	3
ENSG00000139037	12
ENSG00000242223	375
ENSG00000191172	174
ENSG00000139868	18
ENSG00000181959	58
ENSG00000221653	44
ENSG00000225933	148
ENSG00000198543	1215
ENSG00000191755	648
ENSG00000222371	116
ENSG00000202770	79
ENSG00000238195	402
ENSG00000211346	13
ENSG00000105234	133
ENSG00000199143	510
ENSG00000173005	405
ENSG00000121738	54
ENSG00000148607	22
ENSG00000150096	11
ENSG00000198962	3802
ENSG00000112691	199
ENSG00000208609	10
ENSG00000106666	4
ENSG00000104294	141
ENSG00000157885	3816
ENSG00000158328	55
ENSG00000111949	29
ENSG00000187007	670
ENSG00000223696	50
ENSG00000210999	108
ENSG00000242521	217
ENSG00000220726	59
ENSG00000240469	466
ENSG00000129893	709
ENSG00000207940	78
ENSG00000207899	61
ENSG00000221915	210
ENSG00000211476	1
ENSG00000224706	73
ENSG00000236829	47
ENSG00000191185	726
ENSG00000175646	13
ENSG00000244896	1849
ENSG00000110732	79
ENSG00000129746	389
ENSG00000218840	2371
ENSG00000227651	247
ENSG00000223887	29
ENSG00000216958	216
ENSG00000213563	173
ENSG00000176706	2337
ENSG00000135908	125
ENSG00000125452	797
ENSG00000191300	2345
ENSG00000223539	817
ENSG00000167072	46
ENSG00000209897	10
ENSG00000207367	1714
ENSG00000142827	3557
ENSG00000142253	406
ENSG00000129710	1401
ENSG00000123396	136
ENSG00000140118	713
ENSG00000105105	1959
ENSG00000243624	89
ENSG00000162033	2320
ENSG00000205205	157
ENSG00000176551	11
ENSG00000168686	284
ENSG00000117609	108
ENSG00000103826	256
ENSG00000132582	615
ENSG00000128489	101
ENSG00000215529	512
ENSG00000156114	171
ENSG00000243059	533
ENSG00000224338	34
ENSG00000101727	16
ENSG00000124677	1358
ENSG00000173235	7
ENSG00000207790	137
ENSG00000110595	105
ENSG00000127876	598
ENSG00000228670	43
ENSG00000210537	79
ENSG00000183098	11
ENSG00000244612	1232
ENSG00000170409	17
ENSG00000159829	135
ENSG00000246860	12
ENSG00000203117	1787
ENSG00000235703	17
ENSG00000182011	4
ENSG00000102262	1401
ENSG00000126425	60
ENSG00000138837	236
ENSG00000102941	360
ENSG00000175998	7
ENSG00000124976	1203
ENSG00000112167	12
ENSG00000113187	61
ENSG00000139622	220
ENSG00000114748	156
ENSG00000230131	19
ENSG00000148964	978
ENSG00000102749	13
ENSG00000129381	6
ENSG00000196241	1942
ENSG00000228609	2215
ENSG00000136165	3
ENSG00000174965	74
ENSG00000100058	85
ENSG00000148732	0
ENSG00000120053	46
ENSG00000160582	890
ENSG00000107096	16
ENSG00000214205	2074
ENSG00000217355	9083
ENSG00000131095	130
ENSG00000181517	28
ENSG00000121685	98
ENSG00000187509	8
ENSG00000108291	1455
ENSG00000159531	297
ENSG00000213516	8
ENSG00000169653	35
ENSG00000177640	44
ENSG00000175577	823
ENSG00000144469	1221
ENSG00000108792	25
ENSG00000172513	92
ENSG00000185422	52
ENSG00000192544	646
ENSG00000228095	96
ENSG00000160234	9366
ENSG00000160332	351
ENSG00000157980	47
ENSG00000133758	12
ENSG00000160085	4
ENSG00000162641	687
ENSG00000192585	677
ENSG00000170096	2523
ENSG00000119800	25
ENSG00000192704	413
ENSG00000182168	12
ENSG00000174137	1461
ENSG00000120363	277
ENSG00000122470	223
ENSG00000194861	81
ENSG00000127127	46
ENSG00000216517	56
ENSG00000157470	5
ENSG00000175537	850
ENSG00000144764	6
ENSG00000130967	179
ENSG00000172697	122
ENSG00000216572	562
ENSG00000225299	169
ENSG00000156891	137
ENSG00000235070	250
ENSG00000201274	827
ENSG00000182230	30
ENSG00000225005	36
ENSG00000150779	125
ENSG00000216080	119
ENSG00000102842	1517
ENSG00000146113	282
ENSG00000200487	261
ENSG00000155631	2550
ENSG00000173369	325
ENSG00000172342	374
ENSG00000166922	122
ENSG00000158890	3234
ENSG00000167741	468
ENSG00000190476	23
ENSG00000214330	50
ENSG00000104424	6621
ENSG00000241089	305
ENSG00000108769	5117
ENSG00000233392	20388
ENSG00000129423	211
ENSG00000197764	384
ENSG00000112103	997
ENSG00000166202	37
ENSG00000182642	8
ENSG00000144115	11222
ENSG00000214685	39
ENSG00000213165	66
ENSG00000246457	2896
ENSG00000131373	131
ENSG00000229268	1258
ENSG00000130193	242
ENSG00000167746	16
ENSG00000227999	12
ENSG00000162599	100
ENSG00000194221	14
ENSG00000134802	1118
ENSG00000124391	438
ENSG00000229600	6
ENSG00000111834	431
ENSG00000234543	50
ENSG00000242986	103
ENSG00000107393	525
ENSG00000125183	8
ENSG00000245517	20
ENSG00000143481	207
ENSG00000210720	4
ENSG00000180033	947
ENSG00000188769	3
ENSG00000145767	2236
ENSG00000146761	293
ENSG00000140960	30
ENSG00000226075	170
ENSG00000116297	35
ENSG00000120057	9153
ENSG00000141906	198
ENSG00000161167	626
ENSG00000176592	148
ENSG00000121108	10
ENSG00000165665	3
ENSG00000147164	230
ENSG00000177240	4099
ENSG00000227026	414
ENSG00000239919	98
ENSG00000154086	349
ENSG00000187182	110
ENSG00000110048	1923
ENSG00000124614	581
ENSG00000231017	293
ENSG00000201123	8466
ENSG00000222152	75
ENSG00000187242	32
ENSG00000200119	89
ENSG00000198561	31
ENSG00000153651	50
ENSG00000144401	411
ENSG00000204569	201
ENSG00000200074	1
ENSG00000121269	32
ENSG00000229016	61
ENSG00000109169	7
ENSG00000177321	208
ENSG00000175541	179
ENSG00000221933	333
ENSG00000232745	36
ENSG00000206040	62
ENSG00000160786	164
ENSG00000119347	132
ENSG00000139406	100
ENSG00000149604	410
ENSG00000124964	27
ENSG00000142925	741
ENSG00000147205	467
ENSG00000119653	33
ENSG00000217774	9
ENSG00000199365	254
ENSG00000183016	1564
ENSG00000227203	124
ENSG00000224450	2338
ENSG00000145768	760
ENSG00000101448	1323
ENSG00000139535	1
ENSG00000168064	48
ENSG00000120381	346
ENSG00000192050	267
ENSG00000234607	96
ENSG00000127083	67
ENSG00000148593	1
ENSG00000142749	1315
ENSG00000170165	989
ENSG00000173451	56
ENSG00000118947	251
ENSG00000231914	39
ENSG00000194374	667
ENSG00000202952	92
ENSG00000134158	1942
ENSG00000169404	57
ENSG00000197207	24
ENSG00000104839	3
ENSG00000219983	371
ENSG00000110763	44
ENSG00000150938	205
ENSG00000125013	1230
ENSG00000240862	317
ENSG00000209136	2754
ENSG00000131055	42
ENSG00000152384	25
ENSG00000197397	196
ENSG00000202716	96
ENSG00000247546	3024
ENSG00000202278	3
ENSG00000245017	8
ENSG00000143595	1300
ENSG00000110242	29
ENSG00000108166	99
ENSG00000209381	37
ENSG00000117894	120
ENSG00000205370	9188
ENSG00000118525	1673
ENSG00000213688	140
ENSG00000192947	3377
ENSG00000202156	18
ENSG00000237954	231
ENSG00000107793	7758
ENSG00000125597	18
ENSG00000129522	12
ENSG00000233745	37
ENSG00000143512	72
ENSG00000248197	701
ENSG00000187573	5427
ENSG00000113888	1104
ENSG00000145561	3318
ENSG00000153796	333
ENSG00000135174	45
ENSG00000119959	23
ENSG00000193309	165
ENSG00000125317	20
ENSG00000207864	21
ENSG00000164384	479
ENSG00000196854	26
ENSG00000183032	65
ENSG00000192202	13003
ENSG00000223747	242
ENSG00000138424	217
ENSG00000113181	146
ENSG00000202066	26
ENSG00000176064	502
ENSG00000115946	66
ENSG00000140428	81
ENSG00000135258	21
ENSG00000194341	146
ENSG00000219500	218
ENSG00000234055	2
ENSG00000136536	31
ENSG00000136781	50
ENSG00000137048	4153
ENSG00000231693	19
ENSG00000135725	262
ENSG00000193609	1636
ENSG00000242698	1395
ENSG00000233280	67
ENSG00000203498	588
ENSG00000231630	262
ENSG00000152639	141
ENSG00000198597	33
ENSG00000136808	2
ENSG00000187041	52
ENSG00000197180	7
ENSG00000117413	721
ENSG00000135194	408
ENSG00000239560	2395
ENSG00000227441	9
ENSG00000103494	4
ENSG00000147667	121
ENSG00000117091	132
ENSG00000233027	759
ENSG00000102429	9
ENSG00000166031	4
ENSG00000159793	17
ENSG00000171336	56498
ENSG00000198700	10
ENSG00000107803	42
ENSG00000198040	726
ENSG00000230454	402
ENSG00000147471	47
ENSG00000101389	2
ENSG00000206843	305
ENSG00000165550	39
ENSG00000235030	1244
ENSG00000168730	163
ENSG00000228193	477
ENSG00000243062	2
ENSG00000213116	147
ENSG00000130800	71
ENSG00000243051	35
ENSG00000185763	219
ENSG00000104901	370
ENSG00000207084	64
ENSG00000101755	483
ENSG00000135747	3169
ENSG00000248167	461
ENSG00000150948	88
ENSG00000132770	167
ENSG00000229501	66
ENSG00000181813	113
ENSG00000157014	584
ENSG00000231821	78
ENSG00000160796	362
ENSG00000141507	3956
ENSG00000209983	110
ENSG00000219098	33
ENSG00000203368	52
ENSG00000219150	472
ENSG00000171553	175
ENSG00000221125	65
ENSG00000246045	0
ENSG00000153611	546
ENSG00000171828	437
ENSG00000212988	200
ENSG00000249447	37
ENSG00000151097	0
ENSG00000192756	83
ENSG00000180770	24
ENSG00000111645	412
ENSG00000116720	2846
ENSG00000226469	513
ENSG00000243797	53
ENSG00000240550	1109
ENSG00000154381	63
ENSG00000176447	660
ENSG00000125303	201
ENSG00000231778	30
ENSG00000230812	237
ENSG00000232400	209
ENSG00000190764	2051
ENSG00000172114	165
ENSG00000198388	162
ENSG00000208276	3040
ENSG00000180081	341
ENSG00000107387	155
ENSG00000230702	10271
ENSG00000224061	0
ENSG00000105378	9
ENSG00000115337	49
ENSG00000155362	2399
ENSG00000154157	4625
ENSG00000153412	252
ENSG00000132167	43
ENSG00000157846	6
ENSG00000226652	653
ENSG00000127458	660
ENSG00000249506	103
ENSG00000158662	2000
ENSG00000107121	7037
ENSG00000244781	20
ENSG00000127652	278
ENSG00000238885	33
ENSG00000204259	402
ENSG00000200418	24
ENSG00000230677	255
ENSG00000122239	12306
ENSG00000128738	114
ENSG00000127515	3472
ENSG00000110435	4241
ENSG00000182883	3294
ENSG00000119431	115
ENSG00000187455	5
ENSG00000144372	121
ENSG00000150818	673
ENSG00000108907	80
ENSG00000172739	38
ENSG00000168337	10
ENSG00000108178	31112
ENSG00000103451	0
ENSG00000109648	965
ENSG00000147207	103
ENSG00000180741	1791
ENSG00000220945	2615
ENSG00000157759	19
ENSG00000125372	109
ENSG00000141789	77
ENSG00000186964	344
ENSG00000175850	104
ENSG00000206070	1090
ENSG00000202982	445
ENSG00000229144	43
ENSG00000200589	1463
ENSG00000149306	422
ENSG00000102985	400
ENSG00000114405	73
ENSG00000106525	912
ENSG00000222538	112
ENSG00000209756	4006
ENSG00000234780	575
ENSG00000151156	3
ENSG00000232364	858
ENSG00000143556	456
ENSG00000240574	203
ENSG00000185480	1060
ENSG00000128659	14
ENSG00000114924	756
ENSG00000170221	54
ENSG00000145780	173
ENSG00000203783	41
ENSG00000151440	6
ENSG00000146095	74
ENSG00000233540	13
ENSG00000161926	322
ENSG00000157212	1026
ENSG00000160339	1430
ENSG00000150703	645
ENSG00000175673	115
ENSG00000164911	102
ENSG00000235079	273
ENSG00000163292	2229
ENSG00000206875	18
ENSG00000212783	70
ENSG00000151182	5
ENSG00000132930	1045
ENSG00000160953	11
ENSG00000115778	13
ENSG00000149790	4
ENSG00000204032	309
ENSG00000203563	147
ENSG00000132994	70
ENSG00000143253	10
ENSG00000131179	101
ENSG00000152684	1572
ENSG00000167113	14
ENSG00000182115	150
ENSG00000133072	2245
ENSG00000160313	31
ENSG00000106689	428
ENSG00000130268	548
ENSG00000141559	40
ENSG00000237523	207
ENSG00000114635	414
ENSG00000161479	1111
ENSG00000150323	49
ENSG00000223598	10
ENSG00000157514	190
ENSG00000160326	184
ENSG00000195068	402
ENSG00000144684	1994
ENSG00000164385	632
ENSG00000166379	1623
ENSG00000106915	88
ENSG00000127311	1717
ENSG00000171426	1558
ENSG00000216937	74
ENSG00000165171	101
ENSG00000175931	10
ENSG00000148918	59
ENSG00000160617	133
ENSG00000118122	89
ENSG00000186134	579
ENSG00000119050	143
ENSG00000241597	35
ENSG00000189800	2576
ENSG00000189669	3
ENSG00000144360	1104
ENSG00000115021	205
ENSG00000128717	271
ENSG00000180321	67
ENSG00000118443	229
ENSG00000230548	5378
ENSG00000155938	43
ENSG00000165008	321
ENSG00000188675	231
ENSG00000200478	1
ENSG00000125879	57
ENSG00000244087	266
ENSG00000111784	61
ENSG00000105520	201
ENSG00000232519	9
ENSG00000197727	2147
ENSG00000177306	300
ENSG00000205569	119
ENSG00000245330	43
ENSG00000157833	1234
ENSG00000242738	277
ENSG00000183398	686
ENSG00000100083	436
ENSG00000185904	11
ENSG00000175088	402
ENSG00000181568	0
ENSG00000248753	0
ENSG00000221452	63
ENSG00000107531	3904
ENSG00000199924	597
ENSG00000198778	707
ENSG00000165187	17
ENSG00000181149	139
ENSG00000142433	520
ENSG00000122482	3
ENSG00000168483	23
ENSG00000184981	81
ENSG00000117592	733
ENSG00000148655	1107
ENSG00000249181	20
ENSG00000124845	2766
ENSG00000138542	164
ENSG00000230097	77
ENSG00000165857	2000
ENSG00000235961	24
ENSG00000103982	32
ENSG00000216560	9
ENSG00000209321	31
ENSG00000107455	4
ENSG00000209969	14394
ENSG00000108091	857
ENSG00000130410	6146
ENSG00000189420	6
ENSG00000205822	4
ENSG00000215374	1914
ENSG00000198589	94
ENSG00000244693	103
ENSG00000117857	30
ENSG00000158555	5
ENSG00000131065	33
ENSG00000159202	11940
ENSG00000242245	14
ENSG00000201305	4030
ENSG00000122927	278
ENSG00000176154	1112
ENSG00000231724	1861
ENSG00000223443	17
ENSG00000208300	459
ENSG00000213869	397
ENSG00000163110	32344
ENSG00000200025	376
ENSG00000209632	561
ENSG00000189024	295
ENSG00000117405	278
ENSG00000230687	457
ENSG00000192308	139
ENSG00000179223	1237
ENSG00000102120	187
ENSG00000135394	383
ENSG00000153008	1514
ENSG00000149897	33
ENSG00000164552	107
ENSG00000165856	336
ENSG00000116016	194
ENSG00000156194	2462
ENSG00000170299	1
ENSG00000127782	38
ENSG00000119277	22
ENSG00000106708	235
ENSG00000192472	70
ENSG00000154522	5
ENSG00000192770	11
ENSG00000193783	37
ENSG00000168955	1
ENSG00000205816	18
ENSG00000164211	52
ENSG00000196066	2342
ENSG00000190664	186
ENSG00000126886	37
ENSG00000213365	16
ENSG00000164400	100
ENSG00000116500	2008
ENSG00000239569	1155
ENSG00000122597	12
ENSG00000107226	57
ENSG00000182828	169
ENSG00000175881	285
ENSG00000157610	14
ENSG00000164448	393
ENSG00000217116	956
ENSG00000142507	1056
ENSG00000133074	8300
ENSG00000127350	1183
ENSG00000172492	86
ENSG00000184563	13
ENSG00000185596	164
ENSG00000228782	33
ENSG00000110149	1005
ENSG00000154500	105
ENSG00000117278	17
ENSG00000179043	38
ENSG00000131656	2740
ENSG00000164053	25
ENSG00000225376	227
ENSG00000100680	679
ENSG00000115315	195
ENSG00000215044	2
ENSG00000157353	5
ENSG00000236635	26
ENSG00000152882	379
ENSG00000147344	183
ENSG00000217198	24
ENSG00000248214	81
ENSG00000191382	107
ENSG00000107501	4
ENSG00000169950	6
ENSG00000222469	227
ENSG00000223918	1973
ENSG00000166473	158
ENSG00000123978	96
ENSG00000221989	2367
ENSG00000211852	36
ENSG00000241075	167
ENSG00000126508	122
ENSG00000203215	6899
ENSG00000205473	32
ENSG00000211084	15
ENSG00000158249	601
ENSG00000179583	48689
ENSG00000221549	1027
ENSG00000103890	4038
ENSG00000114595	4581
ENSG00000112822	310
ENSG00000100076	126
ENSG00000141437	6484
ENSG00000139496	220
ENSG00000161546	21
ENSG00000233844	59
ENSG00000117467	170
ENSG00000217675	25
ENSG00000143597	137
ENSG00000133039	40
ENSG00000170361	82
ENSG00000139989	8
ENSG00000117099	3823
ENSG00000203437	16
ENSG00000101109	19
ENSG00000153586	417
ENSG00000195315	83
ENSG00000210132	67
ENSG00000172418	4222
ENSG00000226263	36
ENSG00000203723	8
ENSG00000248205	20
ENSG00000124021	58
ENSG00000119420	316
ENSG00000125490	565
ENSG00000210912	1258
ENSG00000245922	79
ENSG00000197659	309
ENSG00000206483	25
ENSG00000207463	63
ENSG00000108451	151
ENSG00000235529	9
ENSG00000223534	4045
ENSG00000118607	48
ENSG00000231502	32
ENSG00000179214	29
ENSG00000205192	330
ENSG00000161255	6327
ENSG00000139183	10
ENSG00000106393	215
ENSG00000214410	15
ENSG00000154996	1029
ENSG00000186549	45
ENSG00000191376	0
ENSG00000144694	7
ENSG00000230939	41
ENSG00000173428	93
ENSG00000150956	2510
ENSG00000145622	322
ENSG00000149249	34
ENSG00000157024	1095
ENSG00000228336	108
ENSG00000184506	6068
ENSG00000240824	60
ENSG00000161241	40
ENSG00000230493	353
ENSG00000245852	5321
ENSG00000227383	124
ENSG00000113952	2535
ENSG00000176323	195
ENSG00000158765	427
ENSG00000182111	1843
ENSG00000248856	1119
ENSG00000134309	734
ENSG00000119587	5231
ENSG00000107495	49
ENSG00000192251	0
ENSG00000230620	706
ENSG00000184970	271
ENSG00000118701	74
ENSG00000102824	2045
ENSG00000156890	1
ENSG00000220695	76
ENSG00000226990	1496
ENSG00000247728	414
ENSG00000204853	2745
ENSG00000238505	282
ENSG00000122339	11
ENSG00000201458	3
ENSG00000235750	215
ENSG00000149467	5
ENSG00000228134	5512
ENSG00000130748	20
ENSG00000226551	10
ENSG00000143622	76
ENSG00000239348	464
ENSG00000183520	180
ENSG00000169869	60
ENSG00000187516	69
ENSG00000227925	3
ENSG00000165137	278
ENSG00000216465	934
ENSG00000132043	9
ENSG00000151023	446
ENSG00000112251	6
ENSG00000236057	191
ENSG00000194884	6
ENSG00000117031	620
ENSG00000187771	3
ENSG00000204062	7
ENSG00000165989	72
ENSG00000115153	91
ENSG00000215070	57
ENSG00000200436	545
ENSG00000135456	141
ENSG00000133010	71
ENSG00000244358	3003
ENSG00000209160	652
ENSG00000246479	169
ENSG00000244285	275
ENSG00000162016	5
ENSG00000220398	14
ENSG00000192751	8743
ENSG00000196849	5
ENSG00000213299	888
ENSG00000246532	224
ENSG00000219453	57
ENSG00000194308	14929
ENSG00000204617	124
ENSG00000125339	2541
ENSG00000176947	48
ENSG00000226211	192
ENSG00000174243	135
ENSG00000149287	304
ENSG00000213571	1743
ENSG00000207677	189
ENSG00000129854	16
ENSG00000242665	293
ENSG00000212667	6
ENSG00000157763	2107
ENSG00000205061	1277
ENSG00000242755	1587
ENSG00000154354	104
ENSG00000135662	257
ENSG00000155450	1
ENSG00000234482	35
ENSG00000125770	175
ENSG00000106207	0
ENSG00000209768	156
ENSG00000193278	54
ENSG00000164284	168
ENSG00000187494	16
ENSG00000133618	2646
ENSG00000162353	66
ENSG00000144510	1736
ENSG00000187678	783
ENSG00000132434	13
ENSG00000191064	1
ENSG00000137938	79
ENSG00000168364	275
ENSG00000246109	254
ENSG00000127362	68
ENSG00000132672	10492
ENSG00000114908	76
ENSG00000221280	2180
ENSG00000123144	8
ENSG00000215149	432
ENSG00000108535	68
ENSG00000249828	1878
ENSG00000249047	31305
ENSG00000115875	44
ENSG00000106447	50
ENSG00000114276	150
ENSG00000118315	61
ENSG00000120881	145
ENSG00000210066	173
ENSG00000146718	18
ENSG00000140379	119
ENSG00000215580	94
ENSG00000162485	1324
ENSG00000207660	93
ENSG00000117873	580
ENSG00000214043	526
ENSG00000125040	284
ENSG00000137831	1063
ENSG00000160728	2
ENSG00000243336	552
ENSG00000208367	34
ENSG00000119727	1
ENSG00000105248	73
ENSG00000127321	463
ENSG00000156679	2
ENSG00000134740	293
ENSG00000202503	22
ENSG00000148266	28
ENSG00000223409	2939
ENSG00000234864	2642
ENSG00000115191	462
ENSG00000137266	206
ENSG00000232866	48
ENSG00000129117	4095
ENSG00000189466	1575
ENSG00000236806	320
ENSG00000135378	1239
ENSG00000194844	262
ENSG00000127135	254
ENSG00000162673	826
ENSG00000174649	982
ENSG00000159462	4015
ENSG00000102686	62
ENSG00000119718	5566
ENSG00000121526	222
ENSG00000164878	731
ENSG00000245382	251
ENSG00000141964	2
ENSG00000139269	151
ENSG00000170259	97
ENSG00000212022	71
ENSG00000122677	41018
ENSG00000134457	98
ENSG00000147999	218
ENSG00000142097	541
ENSG00000142599	82
ENSG00000139968	5
ENSG00000124106	24
ENSG00000240406	1971
ENSG00000172861	54
ENSG00000169937	186
ENSG00000144133	249
ENSG00000151937	19
ENSG00000248191	689
ENSG00000126232	388
ENSG00000198922	8
ENSG00000181911	22
ENSG00000113130	67
ENSG00000240538	769
ENSG00000124162	21
ENSG00000237508	0
ENSG00000132157	7551
ENSG00000152076	27
ENSG00000186116	62
ENSG00000184714	51
ENSG00000199656	1
ENSG00000129966	1848
ENSG00000120949	780
ENSG00000143221	1419
ENSG00000146827	292
ENSG00000194411	31066
ENSG00000119478	9
ENSG00000238323	167
ENSG00000233926	55
ENSG00000166832	0
ENSG00000110185	20
ENSG00000217897	69
ENSG00000114125	63
ENSG00000204600	72
ENSG00000198184	88
