	GSM4280001	GSM4280002	GSM4280003	GSM4280004	GSM4280005	GSM4280006
ENSG00000075624	26	25	52	47	16	41
ENSG00000111640	19	12	19	12	8	12
ENSG00000166710	67	33	188	71	126	121
ENSG00000165704	499	136	140	352	243	499
ENSG00000256269	956	988	1135	1216	1349	1127
ENSG00000073578	138	298	302	121	73	189
ENSG00000112592	51	63	56	123	50	44
ENSG00000089157	38	38	25	27	53	20
ENSG00000164924	825	624	570	512	300	1011
ENSG00000196262	2845	5896	3405	2359	2339	2358
TP53	168	269	387	306	197	283
ACTB	14	11	21	18	15	10
GAPDH	28	22	22	37	18	26
MYC	3815	5279	2856	4104	3444	2742
BRCA1	151	114	258	215	244	111
EGFR	9	1	1	5	7	4
KRAS	103	138	71	141	127	163
PTEN	10	15	8	3	21	16
RB1	43	29	25	59	50	34
APC	84	76	72	84	46	61
CDH1	36	22	61	46	19	37
VHL	334	308	543	275	448	488
SMAD4	102	118	77	178	167	166
PIK3CA	43	37	33	27	13	53
BRAF	507	194	278	564	395	227
ALK	802	976	530	954	957	711
FGFR1	4	4	3	9	4	6
NRAS	113	104	38	75	77	103
IDH1	16	17	9	32	14	13
CDKN2A	87	129	52	70	47	154
MDM2	6	10	6	8	21	5
BCL2	162	227	130	177	131	118
VEGFA	141	85	135	139	68	90
FLT3	63	100	116	87	66	79
NPM1	8	11	19	14	17	25
DNMT3A	66	43	63	34	98	51
TET2	33	20	14	19	8	20
RUNX1	13	4	11	6	4	12
CEBPA	172	342	236	168	150	154
NF1	21	15	13	19	12	7
PTPN11	1202	1354	1800	1254	1569	1938
JAK2	633	664	415	455	478	734
STAT3	4	2	9	2	2	0
KIT	234	335	400	334	356	169
PDGFRA	17	7	26	20	19	14
ABL1	172	132	76	257	216	205
BCR	379	187	139	144	169	151
PML	5	3	2	4	9	3
RARA	119	108	66	113	83	36
NOTCH1	86	50	112	84	60	102
FBXW7	1066	745	764	1535	1167	1103
SF3B1	6	6	19	18	13	12
SRSF2	525	496	575	899	722	696
U2AF1	12	9	15	11	11	7
ASXL1	57	79	77	102	35	49
EZH2	23	19	28	31	24	36
SUZ12	3118	1921	1676	2540	2378	2912
KDM6A	409	598	441	482	391	366
ARID1A	12555	15499	17356	25366	12987	15265
CREBBP	392	620	415	584	739	326
ENSG00000010050	363	501	587	741	596	905
ENSG00000010051	1757	1517	911	944	1030	550
ENSG00000010052	41	37	69	56	48	43
ENSG00000010053	91	77	74	122	128	93
ENSG00000010054	2443	2235	1641	2276	1662	1721
ENSG00000010055	69	31	63	79	75	71
ENSG00000010056	107	155	151	348	298	114
ENSG00000010057	215	156	85	87	136	122
ENSG00000010058	427	406	543	591	867	624
ENSG00000010059	69	46	87	43	81	81
ENSG00000010060	125	93	198	84	86	94
ENSG00000010061	344	118	273	191	283	244
ENSG00000010062	139	203	115	140	134	183
ENSG00000010063	28	18	37	35	32	20
ENSG00000010064	1195	1399	834	1080	506	709
ENSG00000010065	11	10	8	6	10	11
ENSG00000010066	16	2	16	10	12	16
ENSG00000010067	20	19	12	14	16	11
ENSG00000010068	743	1210	1313	493	825	875
ENSG00000010069	103	90	85	93	26	53
ENSG00000010070	23	21	31	17	29	55
ENSG00000010071	24	13	13	26	13	13
ENSG00000010072	394	180	337	311	255	442
ENSG00000010073	7	9	27	13	33	9
ENSG00000010074	16	10	17	11	9	5
ENSG00000010075	529	392	485	461	565	349
ENSG00000010076	8	13	8	12	19	18
ENSG00000010077	52	40	90	121	59	73
ENSG00000010078	180	157	217	94	159	187
ENSG00000010079	73	70	72	77	77	32
ENSG00000010080	119	129	94	154	183	110
ENSG00000010081	1860	1488	2090	1747	1590	1287
ENSG00000010082	76	43	78	23	28	30
ENSG00000010083	20	15	17	11	14	4
ENSG00000010084	3	9	0	3	1	8
ENSG00000010085	137	88	145	78	90	56
ENSG00000010086	95	24	55	53	79	34
ENSG00000010087	267	313	82	226	170	190
ENSG00000010088	53	49	77	46	36	55
ENSG00000010089	38	43	78	57	35	54
ENSG00000010090	14	39	31	38	53	29
ENSG00000010091	47	49	60	32	35	53
ENSG00000010092	264	187	276	208	161	184
ENSG00000010093	75	60	48	72	127	93
ENSG00000010094	363	193	145	173	203	71
ENSG00000010095	6923	11252	8317	6216	7308	10336
ENSG00000010096	299	530	318	174	427	465
ENSG00000010097	8	7	6	6	4	6
ENSG00000010098	5217	7932	4922	4052	5348	4904
ENSG00000010099	244	358	214	231	392	173
ENSG00000010100	22	11	10	30	27	38
ENSG00000010101	693	1193	690	1045	689	839
ENSG00000010102	137	172	235	157	129	191
ENSG00000010103	53	68	36	35	70	55
ENSG00000010104	48	36	62	1	18	27
ENSG00000010105	26	21	39	14	31	32
ENSG00000010106	142	106	175	108	241	152
ENSG00000010107	1010	1485	1029	1173	1280	761
ENSG00000010108	88	46	102	97	69	81
ENSG00000010109	512	210	487	381	221	538
ENSG00000010110	7768	5975	5177	5248	4433	8993
ENSG00000010111	14	10	11	12	17	27
ENSG00000010112	255	160	186	235	186	281
ENSG00000010113	49	58	57	113	106	96
ENSG00000010114	35	25	10	18	15	17
ENSG00000010115	20	21	21	16	17	28
ENSG00000010116	99	223	149	128	114	110
ENSG00000010117	299	437	372	308	315	308
ENSG00000010118	48	59	61	62	58	46
ENSG00000010119	225	180	174	113	148	144
ENSG00000010120	974	683	683	450	225	602
ENSG00000010121	147	176	233	259	216	169
ENSG00000010122	268	988	1008	404	690	505
ENSG00000010123	317	262	258	259	426	255
ENSG00000010124	524	385	355	408	350	686
ENSG00000010125	8403	7142	5809	7384	5485	3803
ENSG00000010126	375	565	190	1038	377	606
ENSG00000010127	184	153	180	146	96	212
ENSG00000010128	490	601	392	419	370	548
ENSG00000010129	24	27	50	31	42	3
ENSG00000010130	71	67	73	109	67	61
ENSG00000010131	455	971	1022	428	856	506
ENSG00000010132	448	497	371	589	562	370
ENSG00000010133	2662	3531	2535	1687	3389	2767
ENSG00000010134	118	110	209	262	110	93
ENSG00000010135	5	12	9	14	9	3
ENSG00000010136	6683	11878	9712	6820	6532	10311
ENSG00000010137	1582	1067	1177	1555	1788	1535
ENSG00000010138	12	20	6	10	18	27
ENSG00000010139	2151	3367	3063	2223	1271	1754
ENSG00000010140	160	153	130	194	77	271
ENSG00000010141	3	8	3	7	8	0
ENSG00000010142	54	61	76	40	33	103
ENSG00000010143	76	43	69	48	54	75
ENSG00000010144	4789	3511	4753	2366	5193	2193
ENSG00000010145	43	46	20	36	23	18
ENSG00000010146	82	58	66	75	50	89
ENSG00000010147	147	68	69	42	107	63
ENSG00000010148	98	58	102	76	52	52
ENSG00000010149	18	38	14	31	22	31
ENSG00000010150	239	289	157	256	138	534
ENSG00000010151	1070	1010	1233	1670	1231	1217
ENSG00000010152	477	607	649	458	606	624
ENSG00000010153	21	15	14	42	24	20
ENSG00000010154	16	15	21	8	16	12
ENSG00000010155	117	175	259	199	326	268
ENSG00000010156	23	37	48	26	17	28
ENSG00000010157	43	31	29	38	36	51
ENSG00000010158	4	7	8	2	3	6
ENSG00000010159	8765	6310	4081	7028	9586	4986
ENSG00000010160	452	656	984	1217	806	1027
ENSG00000010161	21	23	28	37	20	18
ENSG00000010162	952	843	1680	583	634	965
ENSG00000010163	2855	1875	1863	2352	3058	2078
ENSG00000010164	0	2	0	1	1	2
ENSG00000010165	43	55	44	53	57	39
ENSG00000010166	64	86	46	63	96	79
ENSG00000010167	585	682	742	929	705	499
ENSG00000010168	197	73	109	186	102	132
ENSG00000010169	91	92	113	82	46	84
ENSG00000010170	158	220	136	85	96	185
ENSG00000010171	5336	8035	5650	6522	8349	6747
ENSG00000010172	13430	9364	9080	20406	13556	13976
ENSG00000010173	32	56	63	65	51	47
ENSG00000010174	37	35	18	19	27	20
ENSG00000010175	35373	22409	23141	33142	26880	39119
ENSG00000010176	14	12	24	24	25	18
ENSG00000010177	70	63	39	64	42	36
ENSG00000010178	190	152	122	269	103	133
ENSG00000010179	397	335	433	429	220	497
ENSG00000010180	573	436	1081	1424	969	1506
ENSG00000010181	377	245	257	387	246	307
ENSG00000010182	21	21	29	19	27	25
ENSG00000010183	253	626	299	285	434	235
ENSG00000010184	217	193	221	253	419	185
ENSG00000010185	7056	2810	4818	2719	5340	11853
ENSG00000010186	108	89	165	119	124	122
ENSG00000010187	14	8	15	11	12	8
ENSG00000010188	16	14	20	16	26	21
ENSG00000010189	3350	2113	1760	2600	2430	1900
ENSG00000010190	47	14	48	41	30	90
ENSG00000010191	1	3	1	0	7	4
ENSG00000010192	70	33	45	42	46	40
ENSG00000010193	127	100	52	166	171	117
ENSG00000010194	1774	1613	2244	1717	1769	1149
ENSG00000010195	15	21	5	15	12	13
ENSG00000010196	494	558	742	780	415	562
ENSG00000010197	637	766	510	938	390	741
ENSG00000010198	68	46	20	43	39	50
ENSG00000010199	163	110	106	79	55	40
ENSG00000010200	7681	5600	7467	4667	2769	8524
ENSG00000010201	5737	4316	3996	4068	5228	4315
ENSG00000010202	530	728	1115	898	665	533
ENSG00000010203	407	244	257	348	305	205
ENSG00000010204	1175	882	1561	1200	907	1708
ENSG00000010205	64	114	53	132	81	150
ENSG00000010206	119	110	51	150	140	118
ENSG00000010207	24	20	37	23	16	40
ENSG00000010208	188	187	118	225	124	145
ENSG00000010209	112	221	166	87	106	81
ENSG00000010210	26685	29422	26939	35662	28820	20126
ENSG00000010211	77	113	128	108	46	94
ENSG00000010212	1793	1664	1221	1840	1823	2278
ENSG00000010213	1202	2060	2082	2454	2359	3001
ENSG00000010214	65	152	74	89	106	93
ENSG00000010215	717	1069	1725	1717	1361	1299
ENSG00000010216	2	3	3	1	1	4
ENSG00000010217	126	282	145	231	113	309
ENSG00000010218	576	493	951	453	1102	1184
ENSG00000010219	2	1	0	1	0	1
ENSG00000010220	7	19	9	17	9	12
ENSG00000010221	1553	1368	548	1239	1148	915
ENSG00000010222	85	76	93	91	85	86
ENSG00000010223	13	13	4	25	17	13
ENSG00000010224	61	48	99	107	98	74
ENSG00000010225	48	43	46	67	41	24
ENSG00000010226	881	999	762	509	656	715
ENSG00000010227	500	416	419	422	354	462
ENSG00000010228	46	99	112	106	57	99
ENSG00000010229	73	58	29	49	27	20
ENSG00000010230	83	144	153	39	185	160
ENSG00000010231	1259	2280	3278	1445	2991	2281
ENSG00000010232	445	423	429	228	239	209
ENSG00000010233	664	750	312	589	293	454
ENSG00000010234	80	75	110	67	94	111
ENSG00000010235	14	6	5	8	16	15
ENSG00000010236	39	39	70	30	85	28
ENSG00000010237	537	733	631	437	419	722
ENSG00000010238	135	180	109	230	200	186
ENSG00000010239	22	29	19	21	14	34
ENSG00000010240	7	3	5	4	11	3
ENSG00000010241	232	203	296	231	191	257
ENSG00000010242	52	45	54	90	63	85
ENSG00000010243	84	56	55	82	68	87
ENSG00000010244	93	61	88	99	24	107
ENSG00000010245	282	312	282	397	179	233
ENSG00000010246	171	109	218	242	263	205
ENSG00000010247	1321	690	1595	1559	1379	920
ENSG00000010248	897	1344	752	857	1164	1382
ENSG00000010249	3017	2197	1939	1743	1163	3274
ENSG00000010250	551	1076	448	405	715	650
ENSG00000010251	57	90	99	129	53	123
ENSG00000010252	103	144	123	108	133	168
ENSG00000010253	269	569	406	303	602	268
ENSG00000010254	80	83	71	64	84	82
ENSG00000010255	553	479	717	665	341	342
ENSG00000010256	1442	916	1869	1387	1686	1711
ENSG00000010257	59	29	25	41	41	36
ENSG00000010258	6	4	4	4	2	3
ENSG00000010259	1285	1297	1073	568	1179	1801
ENSG00000010260	140	191	87	163	118	116
ENSG00000010261	803	552	907	527	929	1067
ENSG00000010262	10	7	15	10	16	16
ENSG00000010263	2225	6861	3189	4032	5095	2747
ENSG00000010264	565	600	655	1069	887	728
ENSG00000010265	114	75	92	64	53	103
ENSG00000010266	97	93	101	61	56	99
ENSG00000010267	241	209	128	218	266	243
ENSG00000010268	143	80	80	80	129	72
ENSG00000010269	78	118	62	46	51	75
ENSG00000010270	4	11	11	11	9	13
ENSG00000010271	1359	1792	2586	1474	1306	1251
ENSG00000010272	185	86	189	168	113	95
ENSG00000010273	162	205	96	129	209	135
ENSG00000010274	164	281	141	110	196	178
ENSG00000010275	1	1	0	1	0	0
ENSG00000010276	485	731	501	379	531	387
ENSG00000010277	106	47	117	135	175	62
ENSG00000010278	47	105	83	61	133	84
ENSG00000010279	115	157	262	117	167	128
ENSG00000010280	18	17	10	27	20	31
ENSG00000010281	849	579	752	331	1146	426
ENSG00000010282	40	7	31	57	65	36
ENSG00000010283	8	22	17	31	19	19
ENSG00000010284	23	27	33	22	30	29
ENSG00000010285	142	194	169	188	189	333
ENSG00000010286	554	645	525	390	716	627
ENSG00000010287	23	44	31	37	74	49
ENSG00000010288	3	4	10	5	3	4
ENSG00000010289	1087	985	1098	627	737	1057
ENSG00000010290	6	12	21	19	18	13
ENSG00000010291	1258	1292	1665	1255	1140	2026
ENSG00000010292	135	160	152	239	83	149
ENSG00000010293	39	29	55	27	21	19
ENSG00000010294	34	40	55	46	41	59
ENSG00000010295	166	500	404	285	420	376
ENSG00000010296	677	878	703	695	703	418
ENSG00000010297	94	123	57	109	94	91
ENSG00000010298	938	995	1204	916	677	1025
ENSG00000010299	11173	6335	11851	9925	7960	6031
ENSG00000010300	106	86	129	75	104	67
ENSG00000010301	15	7	12	8	9	20
ENSG00000010302	25	20	15	10	20	9
ENSG00000010303	15	6	10	9	11	10
ENSG00000010304	40	23	39	44	30	40
ENSG00000010305	34	16	33	33	19	29
ENSG00000010306	4	9	12	10	15	9
ENSG00000010307	494	294	423	308	310	766
ENSG00000010308	2	0	1	1	0	1
ENSG00000010309	8	12	9	16	7	11
ENSG00000010310	6056	5143	7045	6345	13983	6799
ENSG00000010311	1431	733	1064	881	616	607
ENSG00000010312	582	363	293	455	312	587
ENSG00000010313	287	469	408	515	387	317
ENSG00000010314	7222	5780	4527	4565	5798	3381
ENSG00000010315	857	483	565	805	406	412
ENSG00000010316	233	164	221	178	184	220
ENSG00000010317	8	12	7	13	10	11
ENSG00000010318	138	188	53	98	139	134
ENSG00000010319	17	39	45	30	58	42
ENSG00000010320	32	37	22	56	29	19
ENSG00000010321	32	49	83	51	17	27
ENSG00000010322	185	61	119	166	122	84
ENSG00000010323	96	132	70	28	74	109
ENSG00000010324	752	1028	1110	863	1059	843
ENSG00000010325	13	18	7	5	8	9
ENSG00000010326	125	124	161	63	122	89
ENSG00000010327	6755	5256	4117	3934	8374	5823
ENSG00000010328	118	168	94	106	191	155
ENSG00000010329	2320	1419	2195	1523	1165	1065
ENSG00000010330	1686	1392	1526	1282	1467	1091
ENSG00000010331	1860	2927	2114	1830	1911	750
ENSG00000010332	776	567	442	602	372	454
ENSG00000010333	7	12	4	10	8	8
ENSG00000010334	64	103	90	86	64	53
ENSG00000010335	82	111	79	70	36	83
ENSG00000010336	11	11	6	5	6	10
ENSG00000010337	29	57	51	70	60	46
ENSG00000010338	7	21	14	24	8	12
ENSG00000010339	5	4	7	6	2	8
ENSG00000010340	282	347	189	213	375	147
ENSG00000010341	148	107	68	141	187	138
ENSG00000010342	87	31	58	51	33	50
ENSG00000010343	29	11	35	29	29	23
ENSG00000010344	90	77	95	72	23	61
ENSG00000010345	38	91	42	69	54	102
ENSG00000010346	23	41	101	41	64	90
ENSG00000010347	121	158	155	165	112	230
ENSG00000010348	85	33	21	47	87	75
ENSG00000010349	548	518	293	267	281	384
ENSG00000010350	526	146	381	304	362	431
ENSG00000010351	169	479	252	437	331	285
ENSG00000010352	55	45	12	51	46	35
ENSG00000010353	29	34	41	22	46	40
ENSG00000010354	365	305	365	380	189	449
ENSG00000010355	111	68	76	131	87	101
ENSG00000010356	145	119	90	140	105	195
ENSG00000010357	2	0	2	2	0	1
ENSG00000010358	1	3	2	1	0	1
ENSG00000010359	133	341	367	290	246	246
ENSG00000010360	258	420	97	195	239	292
ENSG00000010361	1111	1427	3047	1163	2241	3223
ENSG00000010362	533	960	587	288	1003	386
ENSG00000010363	178	259	252	129	220	242
ENSG00000010364	151	161	232	124	250	129
ENSG00000010365	13	4	13	7	6	13
ENSG00000010366	1037	969	1051	761	1549	537
ENSG00000010367	48	52	47	39	41	67
ENSG00000010368	359	289	215	392	285	237
ENSG00000010369	194	283	206	115	239	179
ENSG00000010370	137	222	150	310	370	272
ENSG00000010371	632	784	973	1067	421	1037
ENSG00000010372	51	67	50	59	40	54
ENSG00000010373	51	83	66	52	49	106
ENSG00000010374	14	15	30	39	22	15
ENSG00000010375	44	64	72	79	65	48
ENSG00000010376	3022	3210	2361	3982	9073	5169
ENSG00000010377	103	31	109	61	63	81
ENSG00000010378	1215	1658	2127	882	1512	1711
ENSG00000010379	789	440	1000	806	486	395
ENSG00000010380	446	585	612	653	667	906
ENSG00000010381	740	694	1027	563	523	396
ENSG00000010382	23	19	17	27	21	10
ENSG00000010383	297	347	482	414	435	202
ENSG00000010384	3224	3543	4700	5711	5579	1994
ENSG00000010385	65	31	37	22	27	21
ENSG00000010386	186	82	135	145	118	108
ENSG00000010387	27	65	32	69	25	24
ENSG00000010388	380	196	144	518	227	197
ENSG00000010389	20	17	17	14	12	25
ENSG00000010390	2271	2646	4863	6567	1725	2541
ENSG00000010391	75	120	65	43	45	77
ENSG00000010392	8	9	5	8	3	1
ENSG00000010393	4251	5801	4242	3635	2883	5571
ENSG00000010394	1048	1790	1471	532	486	1043
ENSG00000010395	423	358	254	180	365	366
ENSG00000010396	573	495	403	346	402	518
ENSG00000010397	51	149	84	73	31	49
ENSG00000010398	116	91	89	148	127	105
ENSG00000010399	457	547	688	976	392	297
ENSG00000010400	991	934	864	761	1064	1277
ENSG00000010401	742	543	726	800	880	833
ENSG00000010402	209	211	263	235	193	310
ENSG00000010403	29	45	48	51	74	71
ENSG00000010404	84	68	101	127	110	73
ENSG00000010405	682	941	1105	1176	1099	1243
ENSG00000010406	1942	2225	2021	3035	1867	2610
ENSG00000010407	75	60	82	42	77	49
ENSG00000010408	105	56	58	69	19	95
ENSG00000010409	1899	2268	1242	1215	1685	2311
ENSG00000010410	638	540	679	540	555	294
ENSG00000010411	401	638	714	749	545	391
ENSG00000010412	6	10	9	12	4	13
ENSG00000010413	42	67	68	79	80	105
ENSG00000010414	70	18	49	35	58	60
ENSG00000010415	247	215	302	161	184	116
ENSG00000010416	6	8	1	6	5	4
ENSG00000010417	2390	1595	1263	974	1387	926
ENSG00000010418	174	327	544	221	225	190
ENSG00000010419	239	374	205	307	327	284
ENSG00000010420	7	24	10	19	4	16
ENSG00000010421	98	94	220	98	44	71
ENSG00000010422	2396	3604	2001	2662	2010	2523
ENSG00000010423	6	7	5	3	6	6
ENSG00000010424	195	143	424	400	148	181
ENSG00000010425	749	1167	546	1192	299	969
ENSG00000010426	43	30	47	22	36	35
ENSG00000010427	623	553	575	680	430	489
ENSG00000010428	64	88	68	61	62	110
ENSG00000010429	1845	1468	1285	1392	1242	1505
ENSG00000010430	292	323	512	601	587	454
ENSG00000010431	268	295	261	307	338	206
ENSG00000010432	7319	7315	17128	10121	5391	8730
ENSG00000010433	872	700	531	619	721	699
ENSG00000010434	1490	1942	1212	2361	1197	2167
ENSG00000010435	22	9	14	18	15	13
ENSG00000010436	36	57	41	24	36	36
ENSG00000010437	1163	1073	734	813	508	827
ENSG00000010438	857	921	865	716	841	598
ENSG00000010439	124	185	64	131	81	165
ENSG00000010440	471	735	743	420	401	456
ENSG00000010441	20	14	14	20	22	21
ENSG00000010442	407	389	247	187	312	248
ENSG00000010443	19	6	14	22	9	15
ENSG00000010444	227	558	330	280	318	368
ENSG00000010445	22	28	41	53	51	34
ENSG00000010446	32	38	25	28	15	20
ENSG00000010447	279	210	181	217	264	219
ENSG00000010448	4130	5478	6449	4005	4922	4403
ENSG00000010449	15	18	28	6	24	16
ENSG00000010450	30	47	36	57	50	45
ENSG00000010451	948	1374	813	717	1060	1070
ENSG00000010452	73	54	51	77	74	52
ENSG00000010453	5619	3647	6144	7374	3986	4602
ENSG00000010454	217	143	231	186	326	228
ENSG00000010455	117	210	75	224	143	107
ENSG00000010456	193	175	288	278	332	220
ENSG00000010457	4751	4581	4895	5847	3127	4161
ENSG00000010458	359	470	507	474	660	859
ENSG00000010459	554	503	496	394	758	365
ENSG00000010460	179	218	287	208	300	206
ENSG00000010461	3	3	5	9	4	11
ENSG00000010462	18	13	25	19	17	23
ENSG00000010463	4231	3759	4651	2412	3089	1504
ENSG00000010464	538	960	1025	859	695	869
ENSG00000010465	666	519	162	389	283	251
ENSG00000010466	528	780	501	605	676	636
ENSG00000010467	39	45	81	46	73	43
ENSG00000010468	359	361	315	333	374	375
ENSG00000010469	34	18	28	17	30	29
ENSG00000010470	259	334	456	273	280	327
ENSG00000010471	19	42	34	34	21	38
ENSG00000010472	121	63	90	35	122	75
ENSG00000010473	456	417	365	348	372	360
ENSG00000010474	75	57	45	83	55	34
ENSG00000010475	752	238	682	423	555	395
ENSG00000010476	266	342	351	215	361	381
ENSG00000010477	205	187	470	163	310	195
ENSG00000010478	2047	1308	3840	3164	1369	3098
ENSG00000010479	12	5	6	4	2	8
ENSG00000010480	11	4	11	4	10	10
ENSG00000010481	575	532	455	602	417	400
ENSG00000010482	651	756	1250	854	838	1154
ENSG00000010483	5014	4663	9838	10296	10799	8724
ENSG00000010484	514	541	704	300	841	325
ENSG00000010485	687	1012	558	1203	923	673
ENSG00000010486	25	25	45	25	16	40
ENSG00000010487	840	523	531	972	740	1216
ENSG00000010488	541	329	786	448	597	505
ENSG00000010489	37	19	12	10	13	35
ENSG00000010490	11	21	13	32	22	9
ENSG00000010491	101	190	205	111	97	114
ENSG00000010492	273	180	370	208	330	223
ENSG00000010493	4	1	3	1	1	0
ENSG00000010494	243	129	172	179	128	156
ENSG00000010495	301	279	178	200	197	237
ENSG00000010496	84	123	46	165	178	120
ENSG00000010497	314	252	360	109	218	233
ENSG00000010498	328	416	435	382	375	275
ENSG00000010499	15	19	12	11	24	14
