gene_id	ctrl_1	ctrl_2	ctrl_3	treat_1	treat_2	treat_3
ENSG00000000001	172.67005330038262	355.2929151582405	465.79482855317406	168.06887253235323	247.68444336848475	124.33058482473423
ENSG00000000002	261.35739766594844	258.81701131989223	406.0671020821155	390.73502868703713	207.23111071068288	85.9727736986614
ENSG00000000003	126.70008139575958	251.06926537312057	484.9766581897402	339.51893211736984	133.8759109424183	496.21258309108265
ENSG00000000004	417.8036420459481	221.46410201731314	342.07985978784	57.67550168979474	491.5016258011971	80.65556358350965
ENSG00000000005	426.3251551372538	238.3432902306927	374.2400561023724	164.67021085619777	254.47654916654074	298.0194809175783
ENSG00000000006	206.46797121793523	232.94936118993414	487.8796477837416	226.80437781308203	80.36611277107922	243.29176505605597
ENSG00000000007	452.6067842621792	126.40036176437961	152.7290770455041	134.78112595524388	186.03221382035557	236.27620340869828
ENSG00000000008	167.39829088338425	93.31277762154988	169.91950255368982	207.6127373584216	244.80834698638878	327.7291722394434
ENSG00000000009	369.50094265473723	412.9792506817007	125.5572440755448	307.66036549945574	92.03128299037748	310.0410093328419
ENSG00000000010	459.5284970240213	435.6006911715188	304.0852087070931	138.375664071163	69.55018181352591	223.0128344731315
ENSG00000000011	199.37839345492736	337.4066674407484	53.26131596506192	23.13741062655267	362.8390071990898	300.9285784886779
ENSG00000000012	177.0899295626198	372.2709952920941	221.76415483462185	395.88266922348316	418.7983694310627	373.3002804402474
ENSG00000000013	466.571195783404	36.09701768492711	63.4892425539865	395.68789585206116	364.6098381005686	213.12468416507159
ENSG00000000014	266.3975602789013	101.9821482490609	170.4625657017084	38.92747847275459	17.215474874014802	329.44454207456016
ENSG00000000015	296.4051254971935	350.37586691188335	192.7490811408149	402.59435023267434	188.40805389845062	154.0643080007106
ENSG00000000016	299.1341721182241	272.90569989335984	361.2329302683174	229.15785024762118	473.8212941593944	244.94794655400662
ENSG00000000017	8.246166164075463	289.0233093490024	381.0018948431049	249.88383899992277	153.68074929922273	275.24667828226717
ENSG00000000018	337.717679795315	313.2248475138582	203.80464645054937	190.97180606599386	405.2833598543189	130.86440201157927
ENSG00000000019	192.40540633874463	331.188884916281	207.3526181152098	198.51061108404843	62.49826898191513	257.0022815361367
ENSG00000000020	494.5376640232149	427.9649070282507	392.02897593632883	242.5182521982192	411.35386486504484	456.3790415245585
ENSG00000000021	109.0869207750769	248.33061326752696	428.3650759800713	410.9195325113466	441.7323893537364	479.04578357519716
ENSG00000000022	143.65391951264957	292.6880359888162	79.73548644640627	262.7424855925192	36.71781574621103	209.84438125112604
ENSG00000000023	260.39069478167715	348.14109198817647	107.4755203497766	438.79856802442583	13.862962697430481	307.3721563496363
ENSG00000000024	456.2892277264698	432.80451279355054	262.1725955919035	71.63846779961938	48.911346009353394	355.9338528471892
ENSG00000000025	62.46624626437605	29.939430203004935	224.12342383102512	92.56693705091752	403.54822358911446	271.0179569939769
ENSG00000000026	427.5753976249877	194.7900664608515	460.9683417392081	488.6292118133404	276.1935615727704	93.61750933902815
ENSG00000000027	26.828991737716247	459.1433320054901	254.60223175403186	100.98759333186383	187.42632816263955	465.44028339671104
ENSG00000000028	480.4345925584179	103.18067823468161	252.70736255446582	403.0938373149565	361.1921765364988	327.8264701965504
ENSG00000000029	414.3006227678817	407.4056581114639	302.4712669554417	245.59946302812895	409.3093739433843	381.8893921524504
ENSG00000000030	98.10265440795037	252.42508428964163	296.01146554857706	482.7971640280052	239.02615511506053	136.81481015983772
ENSG00000000031	95.84787683138217	465.9021168509649	274.8077941563936	125.78367160228287	210.85028886483104	14.911437636704406
ENSG00000000032	1.9080840766281628	171.45237648652156	353.8293961151708	366.4816620067751	2.5434215031354914	341.68564316527596
ENSG00000000033	379.38886046158956	115.88911543038034	76.61988825747082	353.09124065291525	283.84062563302564	198.43916195564634
ENSG00000000034	289.3804047296298	405.16632921868387	46.646489173830886	256.26056159041735	138.37971280152195	142.38402498306579
ENSG00000000035	386.65099681542705	324.79788869098564	443.8256063576747	183.16830256504508	252.62908689354774	72.18714247452176
ENSG00000000036	426.3951239489691	309.33632034621775	455.2667206386475	316.1122545733734	67.12959804151	281.7075472267222
ENSG00000000037	474.75174217437797	83.97312254157265	164.15947626181276	322.900429111925	284.82618061520304	91.6152746995601
ENSG00000000038	80.56208746519073	73.56913630438366	267.886792393439	456.09062556745596	250.90284903198796	204.96122535164358
ENSG00000000039	104.75305946534192	442.99051762722826	493.3263616689256	355.1539291813036	257.8460506131677	456.6584524591073
ENSG00000000040	262.59469825735385	172.7627105677655	93.56961546848721	68.91586723407386	224.55795971201408	194.7565704164995
ENSG00000000041	103.62288810216043	254.2682317023784	364.3868020708635	307.9530901491185	386.61502015453823	404.613836998873
ENSG00000000042	68.03362158502105	495.9675423368129	81.8857777800585	369.3482603700523	284.6179678412637	259.2312100172671
ENSG00000000043	450.92253469655765	394.7943332258607	28.581619823550138	313.75558638979095	247.40074497393746	206.8075967152828
ENSG00000000044	16.973116624567286	439.05913954903053	163.62464404193122	499.58058006218715	407.5321279029822	401.44373352629066
ENSG00000000045	296.2542790934218	414.82751465074705	125.59199030894094	296.3376953939271	291.74986954373526	215.50076664494918
ENSG00000000046	283.4769656618967	377.94401841313737	93.61835153059569	488.1431290465823	234.53026037726016	346.45454110212785
ENSG00000000047	453.30220969693005	484.2743458705604	293.36417076784414	479.7528248009298	287.93407448248433	127.6095220483953
ENSG00000000048	275.8290810181645	59.17676782296805	362.9449644520888	117.30435915677272	207.67162792659147	188.31685413047862
ENSG00000000049	118.08067625480338	360.03272748073397	159.55600626121173	470.90768258623945	3.4251306136017723	226.77932773078368
ENSG00000000050	232.20495845689075	292.3026008070037	60.075167700400705	430.421912277702	111.11224508407946	191.49005213842034
ENSG00000000051	282.32334044050316	2.463746719784406	311.33683585181456	101.78612857612087	380.2562606900998	143.8589915908081
ENSG00000000052	300.78698220156537	249.9690458836461	440.56805545564504	178.0635006489798	251.251655430952	267.60781300278063
ENSG00000000053	55.46789891848638	271.5844418894319	244.61326000401337	85.57375005006875	310.90002115910283	255.76677066708794
ENSG00000000054	70.66925573405913	314.1407991662841	234.88661041462484	452.73718193484314	269.35367556868533	121.89966793359093
ENSG00000000055	370.4616076990078	211.98225947879112	417.3451094641755	225.3032181229365	105.48620618873507	249.2834454023702
ENSG00000000056	51.75065553880831	197.25653496413787	282.837013704806	308.6897150972741	188.19787561799473	78.30079341931989
ENSG00000000057	160.1394072432421	254.50460882814625	273.13231032315093	420.57209512464436	26.669117737368307	268.1888080450644
ENSG00000000058	92.71492024026115	441.70891197773227	342.83872418226116	135.3819992651633	290.5989158228519	432.89112390354757
ENSG00000000059	72.87490157929479	158.78965667580553	239.0663240718234	124.51542448155863	66.79837313592185	95.56784581143842
ENSG00000000060	165.9648291576866	379.8980314369725	491.4447015346722	107.7758435822323	406.67337527776664	222.93803208765203
ENSG00000000061	58.81658420080354	299.07673114242004	195.65035069364382	153.71820183497846	185.77631086783384	255.88896757339748
ENSG00000000062	249.48166847689004	198.13333491231586	54.06695925605154	258.630054983616	449.29699357438415	197.97075051853318
ENSG00000000063	270.93904215320583	317.22944894863997	214.34590426607463	397.52506182324987	17.009013452451963	58.85233401867774
ENSG00000000064	13.716531836536545	469.1965292890129	48.62515174691397	405.1508403757281	47.75475562150667	219.17441486695094
ENSG00000000065	271.90952546613545	394.26739128971894	78.15667125974224	324.9948706856033	434.24997399672486	474.3198305583808
ENSG00000000066	491.6866772699491	463.6247249997212	173.96810047142486	98.45775094237285	211.14340775058346	106.73478342333908
ENSG00000000067	464.0404270907218	229.9511069801052	154.99386216697542	460.0272135611522	149.48434011711578	248.41241886365606
ENSG00000000068	229.34093869152466	419.24576428075835	242.45410425505696	176.11597825524976	62.26704318723155	269.77115269232985
ENSG00000000069	332.8417693113738	129.3501038577543	332.14050713209565	231.0553350332549	21.896781629381177	22.09663957197491
ENSG00000000070	29.782755662222286	207.70878475139452	409.98280577498844	161.20910116468352	314.4873338343602	422.44255622006693
ENSG00000000071	279.98218908982903	461.7795404127425	153.210300162356	254.50475059097994	272.5539971563123	87.64863746889336
ENSG00000000072	249.778280315626	326.2862184601407	49.89364010671136	320.8806486114904	262.6905912741963	185.6405527603403
ENSG00000000073	190.75899408298935	427.9271538270565	481.67247564171095	176.89663324565996	229.39163093970328	241.14553245030785
ENSG00000000074	326.825306670528	120.48495752534713	178.34437928013705	69.86601014538824	4.149128732988745	93.68040837436953
ENSG00000000075	22.644514094090873	121.23748232436361	180.19993266041834	32.11506259288037	480.1461220014683	67.50705340736339
ENSG00000000076	428.1402488653706	357.27167633160366	384.58225775523715	111.1373944444052	469.52527087180334	115.16779513682727
ENSG00000000077	11.086855668678357	77.20844833722511	175.2324653788648	40.35785513274658	405.8339035339315	280.31876053546506
ENSG00000000078	463.3379988260913	293.7693737506786	31.880346752877198	268.2148553273396	39.40091916496214	469.4042029825367
ENSG00000000079	328.29969308220507	174.03462310270373	304.6255853244318	375.98933636268083	469.9000090714728	313.2988662287779
ENSG00000000080	337.46819929390756	200.61443788511107	112.51266480584202	176.1896500193459	330.91241092545306	435.9981305135446
ENSG00000000081	332.76362462618863	478.2246349603721	336.104662383283	314.55559282071056	6.351136501965107	305.00108242638845
ENSG00000000082	36.43241040203104	261.1380945317979	293.18020247646115	323.1423990511898	435.60444036280927	236.54092891710113
ENSG00000000083	240.4530540168153	274.3937633273704	167.3294703715231	135.8530666092496	53.56585325206534	419.8866336499486
ENSG00000000084	20.971582989962275	490.59228606367765	144.63762879178088	351.04782431875987	365.6678097903482	198.67089854008827
ENSG00000000085	205.32120003243568	298.95924071895547	34.79021022945376	11.067741692563342	361.2776571940521	259.78170213656637
ENSG00000000086	499.151799666	149.48364023337263	186.52289041735256	317.44644589189585	343.76284893356774	193.24179198194423
ENSG00000000087	61.0690915746534	34.05714997812979	0.9760183394797665	185.25511426421153	139.4188417767285	10.848698454267094
ENSG00000000088	329.7623145702084	177.49477257121129	272.5421247621007	432.0426079076251	181.87167860285876	108.27321558845794
ENSG00000000089	139.1220033973186	19.94360016949769	112.7021463630804	451.1339997392078	62.99918352506606	165.3030942869829
ENSG00000000090	64.35148463948767	29.498566178128964	189.46683376736004	411.3147644965302	19.163209474738803	342.9250360403176
ENSG00000000091	24.99567846793164	362.96002289177767	482.70200105054744	138.20540911286687	228.85209534409938	273.9613485207583
ENSG00000000092	113.84512212044787	23.163194979786184	34.06593311484499	185.1131353276841	103.31686539374417	256.79605454686003
ENSG00000000093	32.24143015638518	343.5571699751079	76.58917876864697	16.916821269053454	126.04373229222948	342.7311339673477
ENSG00000000094	57.363757960938116	387.13492013404846	313.2084230840876	153.9125978711939	45.29604636471926	454.8162256831351
ENSG00000000095	116.5765855285877	316.29506923794446	345.596015285362	265.9749603094907	292.1360418194078	148.18780886283542
ENSG00000000096	293.7760327477814	411.8910630500513	388.39481459177466	111.61333871746716	391.39388441848473	340.0020039040027
ENSG00000000097	218.18183394448693	243.16600965875287	258.21314963688894	389.47451068148393	305.98208513729315	423.8434532650588
ENSG00000000098	410.27296554998856	456.9434951383862	437.44987823689127	10.54680921859112	181.47034242250567	186.88333513268296
ENSG00000000099	343.48559229471624	283.42542829910406	495.25293889790237	309.2164164967872	283.5560569112798	425.12416300014615
ENSG00000000100	395.0329046117893	80.30526773398631	242.0291085605331	495.87741897949303	353.97077080835675	11.85215198322244
ENSG00000000101	30.858724216256178	365.75885627315324	386.6809579153792	409.75172672853154	146.39701835192045	403.05400256353397
ENSG00000000102	496.0728497166439	288.1071614323675	299.00411387759294	122.18009895646325	107.93930234763499	4.035499536612772
ENSG00000000103	107.60767001802301	75.98426392729706	331.41845222013325	20.649101113891504	484.23641402845504	459.9857225505895
ENSG00000000104	157.77348903153975	455.933381268329	239.30707715939596	429.76855606847266	344.1911917385741	46.54634864021572
ENSG00000000105	356.70672140211235	319.96705103370255	402.9771361684564	382.89675202348946	366.2283272268427	322.8782698235063
ENSG00000000106	429.1327127268462	389.5583417461718	367.9379135044273	61.386614440134544	486.0785566235723	438.01302504412706
ENSG00000000107	267.7917538491737	450.0108050875353	269.0975605657017	275.1794316985699	421.23559278820517	193.53925767418465
ENSG00000000108	359.7855348382351	401.6768269955519	449.62534013693323	313.214582095918	144.30563848069448	391.0890526754864
ENSG00000000109	46.26768135835059	324.7697312367289	353.84349803417115	437.8247784366529	197.64370255299747	377.23143983234746
ENSG00000000110	282.36023334253184	314.20173339563365	342.51986068489674	78.6023109817282	369.9613564981641	47.67241146180999
ENSG00000000111	487.0614585165769	71.23926988129617	493.1115207691175	125.39969457253072	203.8545015721913	285.29526020242605
ENSG00000000112	239.8032449793886	353.4487924800832	338.25582224672405	183.50263024280042	383.45616643676965	244.4004617071273
ENSG00000000113	309.33960075124526	352.7083012658399	307.80983442225954	39.17496565440027	377.9755793091568	237.7321211411881
ENSG00000000114	65.68160121366563	95.50058733214304	111.49070669272855	443.4874050463781	301.5818456157092	27.82916158846809
ENSG00000000115	401.11186671987724	348.678872933133	257.37654772956574	412.94384041895916	384.08742053144124	251.61681922926704
ENSG00000000116	368.55832239776123	11.644162066324268	251.60246272523145	184.95123449454823	115.5884571876679	230.41936407853663
ENSG00000000117	196.27316697319336	92.51478568958065	499.9094931619296	26.09136356677905	418.83058639981306	377.06619787597106
ENSG00000000118	37.27681597787777	170.62503306704798	307.2522070096378	77.60180281099055	371.542770384547	175.69580699691198
ENSG00000000119	70.90433920694194	345.51748501707624	125.58566951599929	175.85031558293994	217.55186018714423	216.19060334065935
ENSG00000000120	395.2655206908527	323.5412745280832	426.4353869239139	385.6390139712697	468.2244244861617	174.61584041451349
ENSG00000000121	289.5354236205771	420.979642461578	408.5695079380972	404.86346028121665	215.2884316981829	243.10032804324348
ENSG00000000122	39.8179747386783	87.26967567817941	220.6467120470658	155.58778131946795	120.64143645802575	74.98671371945453
ENSG00000000123	376.750814325272	405.4081705561218	245.55634496949048	412.5491119275408	457.2605937477466	76.2742814546098
ENSG00000000124	415.3969409710454	13.984795883136092	56.632316439782514	205.66727898980062	335.52591615694195	244.6698944326312
ENSG00000000125	104.67692338951885	315.61997827210786	434.3938474996288	397.56345964587206	148.42274662468074	451.04876581190985
ENSG00000000126	193.3485873353217	449.3904451230057	51.81477605839221	467.7073398597484	174.11333763552702	219.6128237024183
ENSG00000000127	419.002551282842	344.8688110270557	277.5808757592018	339.3838255549382	260.6410267647492	13.226442236031106
ENSG00000000128	235.22523494112545	302.3272772701786	65.79037899554905	112.9841794723163	114.72049826592091	270.5436458335736
ENSG00000000129	112.82164444201689	113.74313126822797	212.78600179572857	394.18665525844983	139.8003324392741	125.8549869754798
ENSG00000000130	251.37027021459997	176.37462030096557	490.4380674507943	403.25422224732415	195.91940373000884	59.95895709587047
ENSG00000000131	109.02123615801153	391.7020190234998	228.5325328271937	97.75803722611931	312.4866847614107	319.7576801671587
ENSG00000000132	164.6927494958919	72.13658992824759	281.9496897768703	281.9416199039813	228.53081046275008	484.94265003229015
ENSG00000000133	160.32391944628128	251.45148323666015	317.7251285579106	345.3023763346688	422.6865386974081	110.5006946376956
ENSG00000000134	431.1875804616575	50.72521833087252	32.53073635928942	435.5573956925206	162.61473346868482	398.2145530902844
ENSG00000000135	387.04559328156324	337.76740288294474	102.35681281568615	212.38842334209178	404.6991701317538	49.16301035591713
ENSG00000000136	253.0389254427891	76.9053069071083	51.204634062524974	220.78797630737643	154.83488826552733	410.4130640347498
ENSG00000000137	244.0330744413352	370.55930919063644	330.6996943895427	475.65690753273975	130.08473344439884	390.42025587473466
ENSG00000000138	93.8929733026082	431.15514482542284	436.76923429778475	408.7332287423936	160.5779792257619	73.4445413026829
ENSG00000000139	421.6395011251555	294.83040224814346	224.06022666052283	206.36581896749587	50.756482422740866	323.5131816672547
ENSG00000000140	260.45086902788466	480.64316069200976	337.56450307934705	482.81911563556775	70.00645633020338	341.27882829082773
ENSG00000000141	407.1607862971888	305.6127400050009	307.4644623038929	77.96400226217392	160.67577130826842	316.31215123087435
ENSG00000000142	236.55703049653843	431.53093593930214	388.667134439251	267.5156545315857	305.9780230714043	328.21646800432865
ENSG00000000143	327.64270382852726	348.06967697578125	248.63913270203997	61.99298325938191	477.57615613525894	8.326128726334353
ENSG00000000144	8.389297682803749	469.2103078753896	247.2419939466093	408.79519740793717	192.91877478553437	215.52846066571425
ENSG00000000145	352.71721120846144	254.47506720536256	450.31870676773565	345.77727933520293	263.6812441268757	414.8845150895998
ENSG00000000146	272.49476688521895	149.8806445470123	60.27920369887671	175.3402341826558	317.3175371451927	490.8455283113927
ENSG00000000147	372.79521694641187	309.5208283859625	101.27326699702246	353.52921345687656	261.52574464492625	369.50987187324404
ENSG00000000148	182.80369098524312	239.11742998969356	263.06062534975183	181.1124223968279	289.400224141084	138.25732269109696
ENSG00000000149	38.263621427591566	89.27280688731835	247.13476115950715	33.65069354752818	193.39945299638342	337.8769801993398
ENSG00000000150	256.1150644492017	276.82985508263306	362.2482064988976	60.53720132171874	131.97815286208393	211.3206566214188
ENSG00000000151	134.14408430733144	219.45669156915488	446.83550285729063	57.31158574494413	147.37558562440645	433.6611599741734
ENSG00000000152	282.5415507641892	484.99798439461404	86.31509063957772	377.88580753753604	419.5613577850032	479.2711756488182
ENSG00000000153	78.97809385815262	267.9219447177695	201.57203181356488	303.0238726819138	39.83746270773065	236.95616609184876
ENSG00000000154	14.58604445311335	154.80571909429858	410.76603795666153	233.603031414538	425.67152081527115	29.171592876882446
ENSG00000000155	350.04726153267274	30.07522967962954	77.77417565619979	401.8237351506605	9.949489703581063	190.3477257409611
ENSG00000000156	468.1562395928427	77.68946764587166	473.93299940714036	97.93482309488382	135.04728736124966	319.08648976729665
ENSG00000000157	3.363118261772552	354.56360659449496	451.7739563777132	177.97844436385498	302.72174835412176	178.71172230326232
ENSG00000000158	345.9867168983041	263.5063969240919	251.3788290027149	26.238755066720504	330.8567771422918	253.04958168993247
ENSG00000000159	160.5106717077844	239.91211959876927	165.3135031430436	135.61727315426822	60.69297680937984	110.0010807823755
ENSG00000000160	64.9298029287076	5.155197608683956	368.905395212237	47.31125067950722	197.49098577593986	323.78339633403607
ENSG00000000161	353.881961250489	38.41235099520917	440.753996960737	44.83571407463323	256.67458132358945	411.13880040251615
ENSG00000000162	228.95270641938222	499.82575200972553	352.94129836696885	169.4750624070513	38.19658189070495	412.57506529781745
ENSG00000000163	435.2586615761573	315.35964108061404	165.41271698777916	282.9722269604518	1.4685120706981327	208.74521621364528
ENSG00000000164	493.1636722753028	106.65040087880406	341.49146800378963	52.56477145998211	364.9767403070292	220.0545371862671
ENSG00000000165	170.45269232170796	252.84289907990885	409.34806730864057	419.1986964166241	176.50947536214915	316.466367960489
ENSG00000000166	161.56672290118803	225.95380280548045	328.1676212901086	127.92341967739642	162.49800233044022	83.04152598231714
ENSG00000000167	300.80268004602055	422.8024516628503	459.0615454149081	471.3370984061576	389.7894185137425	236.57327372318386
ENSG00000000168	406.26608694455894	127.93320536762926	255.5105984332828	459.25690161120417	289.09019076538937	305.56869444218034
ENSG00000000169	310.691833058225	401.90360288911097	42.15282599530646	186.9300308502826	468.2647875167253	482.55460157524624
ENSG00000000170	279.47915971923106	150.08290787502534	425.786097006626	445.4480287627272	148.71042877603946	367.09662876785
ENSG00000000171	475.5923976624444	216.1476257526614	40.84973897965641	416.7766747732425	336.8438438480451	379.1334982208195
ENSG00000000172	330.0425476984555	209.91749807668447	482.2692506455345	311.24282980483935	262.69118238325603	278.2945324634227
ENSG00000000173	381.83579407561325	304.5763950995105	36.87067193749803	138.82621662658843	256.66221068396663	82.64568892181826
ENSG00000000174	427.90780317548405	388.32498106015635	378.29998620448185	233.8799646066257	145.06265062696872	418.9773173132611
ENSG00000000175	176.4568009824601	279.29616419941647	146.5253401328602	491.2955001372387	353.8031788876787	482.37835707497084
ENSG00000000176	480.33997075902005	104.70450044319873	365.4674177270666	232.91055828527803	315.1316690855786	232.974716622331
ENSG00000000177	28.647985793343246	340.5007733706946	243.78052406440335	66.90346155109471	327.61667251584356	79.7646663594478
ENSG00000000178	438.2960047537343	10.655165899461295	210.5213382877342	171.48647524887065	441.6394232636454	371.86490819835956
ENSG00000000179	132.3109124745948	169.51272963210266	318.25154772462395	483.9537216839301	203.26978892047967	417.34772182030395
ENSG00000000180	358.9513964971621	353.17836119002425	119.478755954182	14.983119508723728	234.8237683630876	304.519604461607
ENSG00000000181	238.85934849736572	192.21231513271502	144.32216041924818	429.70867352007826	84.95982087861995	2.782668222183743
ENSG00000000182	54.174558539746336	221.45503037360209	280.1101687678714	348.79460438853346	280.4847405767484	317.4012748122753
ENSG00000000183	58.52168345305669	219.59573364162355	354.83620797497105	162.1872042116091	128.75936606053264	137.99642519203144
ENSG00000000184	189.6567865675141	1.9797118661969408	452.0999509824641	103.03978355735367	428.361956274682	28.142944276313557
ENSG00000000185	139.65644670009831	271.7230842551784	72.3150952880408	493.61364073535924	280.8074078895098	403.5074391189391
ENSG00000000186	138.92985478160483	95.12259060819615	423.714914119146	110.4652301801397	191.6009856688579	370.2866521774376
ENSG00000000187	116.84272740345563	327.4574651746114	478.0276158413987	269.1390071852621	135.19668208627797	470.02222020481025
ENSG00000000188	458.22162940666874	312.2726923788069	375.57087001776574	376.0192551705947	222.6081438537311	132.6589299501929
ENSG00000000189	33.42350127018462	23.825268262563906	26.663978315212834	119.61086002197783	56.4046419691087	23.904672137971467
ENSG00000000190	291.67338115607055	169.99130168361916	499.6668272127877	333.8288367794982	469.4991885695947	32.47383105246201
ENSG00000000191	131.0113980662735	390.6595523920499	309.17914228636914	181.15488914280428	420.3816797891567	250.28131685495012
ENSG00000000192	458.22834866492514	273.70622882915757	293.93206944300664	154.92894047920802	40.08901277644441	6.771807369065278
ENSG00000000193	144.42129405771828	425.12769185833406	169.04532347219848	416.8574181248995	495.5135148749483	215.60505882286057
ENSG00000000194	217.83565750365065	425.73992867730635	280.1391476520417	416.0666167185227	351.1348880388453	187.3217285006799
ENSG00000000195	322.8076989649409	14.095149033442532	250.71690400659332	44.84221961709937	275.85293392958295	406.1001347242542
ENSG00000000196	80.14964647225426	197.73722268805423	273.13522790888294	101.0822922662841	16.561618550241633	0.8203286825701329
ENSG00000000197	127.79315227650453	153.4657758005702	232.42262493565602	424.2147454004872	208.2530087674446	41.83176478509452
ENSG00000000198	163.32549717197094	153.07241445213316	284.9902754320562	324.32840730828593	0.3519578149145969	269.9765561831866
ENSG00000000199	123.20720243487887	380.7765244725626	168.7890214660604	457.88607019076153	198.73580451118937	175.28718127194108
ENSG00000000200	67.30784693787574	87.49018855157351	337.0794622061394	285.79083155218143	275.1409174051512	66.59998895714944
ENSG00000000201	53.01928718053053	219.1366585128694	476.6672295930409	210.30151021571567	451.9008541926195	483.78322508069334
ENSG00000000202	55.62701962637274	462.2343057244182	360.7580103163846	47.649268653505466	363.925908827083	246.68109117624653
ENSG00000000203	69.96262062646474	119.12774566707816	354.2176738128177	159.64489693986897	475.9884136831091	410.1276356592993
ENSG00000000204	277.03535190723954	312.9292648579562	459.48347333424016	160.3480575556398	404.54387053509123	224.44747258207798
ENSG00000000205	435.68065307509113	32.696693084476415	358.9890603530922	404.2692534964127	306.6872235756583	146.82892574962153
ENSG00000000206	74.07519735227964	369.5696709826135	64.15162779588618	422.18120099623087	250.61216852837552	191.09598404975262
ENSG00000000207	118.41115242576997	8.292307243287238	452.6487704813931	302.23345872952854	350.47701887654523	486.8524411906688
ENSG00000000208	109.42040032484203	31.45267016105239	242.4099339168623	210.58870722209517	31.967297961688903	236.2067205117974
ENSG00000000209	270.73648381779094	58.48614818521609	347.65426653446883	172.92715252265097	282.2152679917159	318.58262885833494
ENSG00000000210	179.1677848786335	367.7708132316731	327.6781557567414	28.890713109705974	67.15716295808096	22.51604563941994
ENSG00000000211	434.8618882748709	174.66684603540284	265.43248894287757	264.2037827245023	236.5551921166996	199.88123669169988
ENSG00000000212	172.76628720649276	129.6544531591647	118.32544827576666	323.0004666681765	351.319505776906	121.87100715479116
ENSG00000000213	68.4610209225213	385.98740894693543	37.004660771496724	275.8746558106408	242.91463657316018	348.21243122280373
ENSG00000000214	398.13564753726484	461.02905866544734	136.97249300988102	19.31812089486017	284.7091710972658	191.5596624975638
ENSG00000000215	222.0996348710352	420.3983627366834	180.56681509452636	269.71415961672545	67.90295855761521	396.3282846159826
ENSG00000000216	244.98220194885087	163.0932118350532	218.63383195082596	120.02138962965797	281.2633616555302	112.84667403276863
ENSG00000000217	179.38088746803416	43.414556500579394	150.18146926011738	190.90976847886856	389.10765084977936	324.3117237596106
ENSG00000000218	59.120929986585956	301.0333481625558	221.36750321569332	207.90819080079686	52.12679622883968	292.3544507429317
ENSG00000000219	87.40929888756865	139.6608822796858	409.77621542530403	28.770278700555185	389.8465452366595	194.90359609885036
ENSG00000000220	142.34862985243527	252.26496636892043	132.91685709882324	421.5448527742977	22.48862283444705	335.3964032125849
ENSG00000000221	402.90789095446314	107.38683466833145	385.52962235621635	225.58486297669117	494.51085570747074	188.46914489180304
ENSG00000000222	161.04858129010307	446.48698027160793	329.8582306363309	385.95969440087504	207.97100584705734	246.19269738959912
ENSG00000000223	491.1423249170807	270.1829347408043	373.35237967769984	489.7245113814789	363.29721499096854	357.3614360466825
ENSG00000000224	57.90096236235411	105.95167825353687	391.0127389746596	491.374364948166	216.93478537899531	380.77434231140376
ENSG00000000225	5.651862721590677	62.15106328121837	39.44191192318132	53.13257696317608	28.94939601704029	12.482249472789306
ENSG00000000226	335.3631757408891	219.9808064685452	271.1291584056847	170.4420736777684	200.58541824281713	79.95422078283322
ENSG00000000227	321.17090289712263	66.78149423723414	440.6037993651644	141.30173455542868	130.5902282067093	98.57338405107345
ENSG00000000228	53.7846334185983	125.51995453161751	498.8304436515718	12.178746953299806	246.55806696887436	177.27015105349724
ENSG00000000229	389.1588679134642	307.68070478516023	15.055424742608059	40.23481067458629	329.05330168656894	345.0844381840923
ENSG00000000230	318.7891018068992	327.65275761552834	417.74133527406417	191.3857629770094	159.35528193194926	410.39183080065754
ENSG00000000231	166.8087312368195	479.42342119656206	360.33057894186976	351.09392794220645	453.67506717483275	383.3355783003211
ENSG00000000232	21.546893852636178	229.082735749699	189.02060390463689	212.73331642103514	140.85235457942358	110.76372754755107
ENSG00000000233	271.51323556992713	371.485822812052	92.16639483479872	138.08760004388313	332.4183694080122	334.1261424827699
ENSG00000000234	43.158037905185594	38.85321598787634	248.72933524616576	418.36698005630717	111.05132150989114	499.16864430166555
ENSG00000000235	499.5108343469431	301.5385440023163	480.30400181079193	196.4897808488445	250.89517316037026	351.6515261645184
ENSG00000000236	35.43026730787623	384.5196522073799	468.3454388013701	285.1398686971403	109.59724192005893	65.1984964103218
ENSG00000000237	108.95788746512923	100.78426747307479	430.0981729965685	68.58101058395822	485.04326825015403	389.4012747127542
ENSG00000000238	366.2494716764441	308.706050649423	22.542399618922637	359.3892552207902	191.35695015940124	61.896447496327696
ENSG00000000239	416.01765030294496	166.79100954011366	301.2463142358134	78.3209666238602	64.04242886213463	223.31940384589376
ENSG00000000240	21.59398973451947	307.2657741289709	39.4885892982718	261.4110932208824	180.33800944605457	161.89438191285058
ENSG00000000241	384.6036823148557	237.19211105382902	96.86108955680349	193.675216626215	193.13629594144447	264.5642747028578
ENSG00000000242	323.32445388735306	153.2289148210136	157.17739395006774	397.1542592774313	90.23468498927687	327.1706787511957
ENSG00000000243	494.06710688646007	391.0922811133229	133.55727381012673	16.93948099073223	144.5442569345891	1.7063925580855241
ENSG00000000244	292.77093887081884	229.46763883220402	300.59551467658724	395.6565566020185	115.8740128553324	186.17371879168107
ENSG00000000245	230.63027243460596	384.5845977204932	227.68921409122564	105.62080519503833	447.9521974358042	31.445578610618128
ENSG00000000246	319.72854104411704	152.8214192138725	243.9286664353755	483.4044404199963	297.0830362047913	336.32191284444156
ENSG00000000247	325.85406507385835	359.37584342763495	222.06620168865965	8.695253632251374	444.92022974463185	280.7534792166104
ENSG00000000248	456.66328803650964	368.2591915054471	376.6163749518535	326.30629958133284	480.81331348194436	397.1756876025738
ENSG00000000249	217.79390471957743	136.7802227926086	197.68200279639808	90.97283586653458	119.16965240731736	81.30114647680492
ENSG00000000250	28.616783295439443	196.60091711173314	379.68122496398666	34.71753362038942	320.93571058612105	489.9009262170737
ENSG00000000251	227.2100857381483	138.40014069094832	311.138059153728	341.9223293565697	146.7116764917426	199.58960905255697
ENSG00000000252	469.7258352544611	263.3762878050938	493.43094007333525	254.481101093009	82.0195201078317	399.44883300549253
ENSG00000000253	429.40784361475346	15.325414385066646	116.86344492113628	225.22149803207418	460.1630820352408	442.20150054246665
ENSG00000000254	326.8754556854033	381.82102659178975	72.39218373686423	283.80318486266646	391.2298799851369	117.81752258393507
ENSG00000000255	62.77428277946388	299.9785576165344	459.88681326576375	486.84100498510696	213.09254782195825	233.72074405669184
ENSG00000000256	313.1751678154126	18.902854646918552	271.2997975311475	313.88702781064745	62.58928187452572	414.5815331068857
ENSG00000000257	267.756513964151	434.257677890204	277.28073735444394	154.17434587057772	187.3792821086838	477.55419144062955
ENSG00000000258	225.60887276175254	254.25488722336232	379.2778521902925	407.5887109456935	460.13659028437183	346.4244631541482
ENSG00000000259	149.06117501082062	74.81282480802967	229.6279060885275	47.27425267252077	457.02019133281357	489.93521871315824
ENSG00000000260	260.6208691941715	19.46773678548598	148.05117404618144	194.26065570888076	195.39924516823172	351.5737595339937
ENSG00000000261	490.7234456494153	12.36930883755731	482.77179414997005	458.50067192476126	428.0797709170593	218.18560405848203
ENSG00000000262	195.84953035389813	239.7918502107878	326.8236101053349	131.57228236476084	200.15472331617053	479.7991501837543
ENSG00000000263	36.85408464060301	101.28683232591098	20.815984259962796	296.63619382786464	259.8815288069032	32.795906592384455
ENSG00000000264	231.01622848841197	97.76463602850167	323.07224664630365	404.18078492613046	53.63162969977479	377.5101375600532
ENSG00000000265	220.51581642654438	256.5613574661698	224.76024133225806	358.3750048648572	356.1083369475711	293.5722689317968
ENSG00000000266	113.19576462359339	190.10757550409772	407.0894552954144	156.56730095953648	459.0397302808612	144.03833109999863
ENSG00000000267	275.22980461892473	305.7370997601365	84.42544823541948	246.30875008504427	130.65214116487633	119.60705264608467
ENSG00000000268	243.88537488297882	149.06734715908226	296.6080577280314	354.4932824636679	364.11793017468045	104.56862282180232
ENSG00000000269	168.35631433457493	484.94691348185745	457.89208809088257	460.1817317668509	304.24697410589073	279.65591106278447
ENSG00000000270	266.19264692021534	365.1235311618799	23.281716663099353	80.3656686490175	135.45398082741292	321.97658783762876
ENSG00000000271	132.286362161077	70.30027860241456	48.69636309479591	448.08563556118787	337.8438355839939	210.6481223263747
ENSG00000000272	49.254154849319114	318.0493139574699	310.3432876022447	3.7409524083368897	160.70546814887737	383.1291869698097
ENSG00000000273	432.2599754377192	126.94198624997121	223.24302357256764	386.5186186764793	298.27463182359696	176.66114065539193
ENSG00000000274	485.8019761873345	255.20922318628158	313.0744938983814	251.86730268662814	64.37025977484376	272.9762983941183
ENSG00000000275	140.08363623150947	12.08465704920688	81.05313101958251	463.0504635277069	400.30200933023656	11.157226176057867
ENSG00000000276	304.8087745418635	294.2934837122922	235.47743930555825	72.10625254802426	467.84542723622263	260.08910383570566
ENSG00000000277	366.4559172243719	424.7656407583379	481.43602766865143	54.750315629077555	192.18117749282584	262.7721754232761
ENSG00000000278	289.1316700042843	455.14756695953236	240.72802008089334	383.188116537164	224.9417164063707	192.12904868006487
ENSG00000000279	130.07119779833974	151.87929137700345	318.1870232713716	27.81137062115447	156.22040741273756	337.4122284212904
ENSG00000000280	44.87340671942411	270.28349014714485	229.6520308985461	32.6567325069309	38.313250750173424	300.4496905023297
ENSG00000000281	264.0551307555277	360.3912424971852	312.1848502178672	246.11655175524012	215.97493231287936	159.25257634553697
ENSG00000000282	20.149473820230476	39.19039994493091	289.08009349713655	289.8766352033215	22.687281148138137	217.47860922695344
ENSG00000000283	474.7495665858381	94.10488386034602	384.0931388844936	254.11847642560596	388.9557681666905	135.9684550385823
ENSG00000000284	492.2250405680496	180.0606767654422	313.43716099591427	341.814497480886	330.32219991054745	264.88874719465053
ENSG00000000285	338.2997110443398	339.68920883828275	368.87342409681315	363.1342062838446	336.62701196726	455.34373176739945
ENSG00000000286	449.1433900371097	21.40627030561687	490.52599323125486	397.0762915240446	296.7843946813111	304.2161890566223
ENSG00000000287	194.43219170110356	215.26210341620262	189.58201345491284	474.5816180229212	299.06647701034376	79.53156500794417
ENSG00000000288	385.2162037797076	347.1960618393657	316.687907085012	132.11911762545986	309.3612098983816	408.1903150512186
ENSG00000000289	83.6830311233552	273.72810417678136	104.56532564855588	276.2300374782405	321.08115134462446	405.4189462399749
ENSG00000000290	249.2630304205565	465.2118988872071	455.68691220624714	408.45992077884733	277.6288428569945	94.78728167323786
ENSG00000000291	325.4574602536572	353.01545069871923	247.36607716980032	483.4768581732921	48.6118965224288	427.1156547812983
ENSG00000000292	451.90520422494865	314.11350549949634	443.89337327415353	106.12888099508855	172.6912507869842	90.77602209817128
ENSG00000000293	156.84588379129414	82.75590911958	82.00580758504971	15.497414692307563	372.3726342385117	151.14067447508867
ENSG00000000294	305.57427750401797	347.27855736850245	335.59485767525297	465.37171138928755	359.91446597599435	307.99468899515927
ENSG00000000295	66.25624609131057	10.72240991218688	362.61334861435904	433.73748034204397	299.43944375503105	495.34634080392647
ENSG00000000296	444.0101211370923	469.4257356417135	365.43876479443855	481.7889068130976	300.2668944962245	234.46436397835464
ENSG00000000297	22.989377896784262	460.91673000046126	197.4654492745027	48.589130732140625	356.2080960134645	166.5746990272417
ENSG00000000298	271.9524412168673	498.22957824648944	327.47779430987146	12.605078591497673	27.92969590884206	289.8836961916416
ENSG00000000299	25.492017709391394	3.2379810873970065	160.6871930648167	28.457537015359485	428.51235039515984	186.5851367710607
ENSG00000000300	240.01262200709775	379.44030320737716	165.58857896950533	161.38495198274975	134.37853211756723	488.17838750975255
ENSG00000000301	104.86405553857419	342.11423519981406	322.4461629494813	230.7645568232145	381.13435935191126	90.25770613370214
ENSG00000000302	39.70411326753177	319.5121632252567	130.5367246376522	437.21991747290167	285.42925333193995	92.27420089999522
ENSG00000000303	142.48458880448663	298.58544429702243	465.9061036243374	190.97495050785665	29.942498009269627	344.88868856839616
ENSG00000000304	278.2350649532873	377.09585316576937	250.8138948103134	199.39501602007306	215.15103362652664	405.9629894931888
ENSG00000000305	194.9781603353852	232.07785256374459	125.26711201314374	7.194781380343136	105.90494026822066	403.58519047490637
ENSG00000000306	457.6914195338286	370.8491692544981	218.67234342840524	340.0372292086122	61.99902103240332	46.10500078717768
ENSG00000000307	93.91451944380226	302.04782029777243	210.23189822118013	91.56464457034174	272.8746701943359	455.80227017708063
ENSG00000000308	275.69011912230314	258.83120977093125	177.561804257414	6.27957190196341	123.02588566515813	165.14845742636385
ENSG00000000309	227.23556398783953	461.1105385001984	150.3570850817743	156.58883200431035	160.56543598069803	107.16789109671628
ENSG00000000310	216.4089184245127	373.84349638724393	367.5081759166453	2.082048465632483	384.2607202625184	196.60157464272584
ENSG00000000311	9.853476706852803	495.4804460618815	436.91264996895376	178.86430783892186	341.0579156888883	318.91627741465413
ENSG00000000312	492.71892773515304	90.86797819716843	106.64129899568857	335.05347461069056	37.661829978288765	410.4687944517457
ENSG00000000313	107.11674572235286	383.5409678016172	76.87751714406215	370.1778134253497	40.239991753899226	52.140395475322414
ENSG00000000314	24.351589020376135	329.8180984775866	82.8488628292845	181.79950703560647	444.3981939181655	158.69987741288864
ENSG00000000315	82.32132052639147	334.8617960553768	79.52418591841403	364.51199861414625	222.67557359024977	467.14680164934214
ENSG00000000316	116.18405876375186	243.31022950006678	425.6500121744858	324.50925281979363	102.50917799959397	35.458477033234104
ENSG00000000317	280.5697978106413	284.48352656744066	107.41484072815322	395.4255355313847	118.2260777493376	486.03236899025785
ENSG00000000318	355.8111224259716	302.8908800040871	327.57272811297054	3.366057730676315	180.48442074298546	433.4119916280445
ENSG00000000319	460.816621916542	95.7498183640284	449.21213704892807	186.64909333376073	347.9894472177271	437.6623609645825
ENSG00000000320	111.23291529792198	68.08029517863467	236.41416929752987	311.48255056454644	283.97036427064825	339.9506852893305
ENSG00000000321	459.36618219661204	57.39901659533193	481.77945084682614	80.474308229509	466.32416251170287	379.30679916117424
ENSG00000000322	405.6925363453142	437.2881074691281	56.468100744151336	331.970095735091	173.0732803915737	190.20199336586077
ENSG00000000323	263.1083196231506	299.4789218787698	351.35595345346263	305.3339896306543	113.54273994112421	181.12274186499843
ENSG00000000324	430.66234102295846	357.0240997370725	230.0153474485436	118.92034240631409	416.09373964401925	124.83369660638449
ENSG00000000325	452.0730185959863	219.97543596339563	331.2784853995457	111.34717972870436	76.72987733604472	118.59264849607342
ENSG00000000326	278.6814044655885	343.9717519558375	240.84961169179346	393.66542831332055	75.9088379813567	468.5745672222745
ENSG00000000327	300.0003383697052	166.15521942302576	273.7004468270425	221.08107489333554	404.07743891083743	143.2991909766959
ENSG00000000328	312.0761669815691	365.18803413538205	486.1537305753132	45.42533660825678	310.8331125514552	181.5489713584007
ENSG00000000329	196.46200499356902	212.86135266562943	168.32459598688982	264.55996245939053	122.02817814916163	424.9582765763502
ENSG00000000330	417.84933461604294	46.717580551604	37.725060593993256	208.8556111785177	334.3227296540479	300.7714256586597
ENSG00000000331	103.6915566917847	275.44837955431734	10.29003229633247	82.75620803716743	139.81010325234882	365.43960203409273
ENSG00000000332	376.21887379257333	61.515181620100556	84.30320557296811	98.13409842103712	285.4034692736124	42.744784978039185
ENSG00000000333	393.8138604418622	338.4219237276129	355.71231501303174	147.37275412277722	275.4804107183603	152.73964349696752
ENSG00000000334	215.69927500034453	44.63465185609032	98.06470809508218	41.28257426786454	309.6703745429621	402.0442840713589
ENSG00000000335	489.71964477598976	342.7747589885672	429.438070877387	172.77675830929937	401.15181365997694	113.20301287024007
ENSG00000000336	277.1883425183286	188.74781601236418	343.7832477282234	293.17326450977447	388.9573789180662	115.67227736718002
ENSG00000000337	446.64353844048054	157.1427704192555	34.202594636153364	197.59056813226974	16.701752081286518	328.4157941986027
ENSG00000000338	94.30336193500533	369.9549825902772	454.4200212856845	294.89493184876187	332.2002606290069	213.87339898382942
ENSG00000000339	44.333250300724984	215.30238408393774	205.1260576677095	193.08407348584404	312.3980396974754	256.2671866937549
ENSG00000000340	454.71259962654227	378.6248511268634	356.4210003982451	452.42606020564983	239.81641415964376	459.52176858464185
ENSG00000000341	207.31857558422442	144.201401049192	395.53386773211196	400.44401281013694	205.54129554735175	317.0914471210778
ENSG00000000342	433.3743985641283	14.442929817121017	382.1824495300624	174.39845059582473	465.2320721943672	69.56569971301757
ENSG00000000343	321.97479447384154	379.54373333127046	72.56831102225524	437.6202520657381	202.54511733779515	15.46075209353642
ENSG00000000344	328.4310648939161	2.3868849509911407	468.8204423833938	256.420446058575	438.77685493735464	333.91443630666527
ENSG00000000345	469.1254395791654	270.9456915553022	162.80217546907335	40.27384715668568	126.90201080725699	452.7796577595687
ENSG00000000346	491.68497828993014	18.543374224884705	128.44500151173273	101.61429132795183	257.752114648099	229.4184660728914
ENSG00000000347	490.7463501989393	177.03306512278573	296.4503632416024	397.8222132540466	7.639802770571386	395.2411823583666
ENSG00000000348	346.4438928798321	454.4906149226726	481.9759571158629	283.3251191530288	367.0465636639923	493.363013431405
ENSG00000000349	421.7060547247476	290.91381003865513	73.4311933974318	185.70649854742595	438.37429010984073	41.748892224840446
ENSG00000000350	443.45340961078176	315.4692856597028	404.87152776226384	201.1387998792413	153.4258432371518	484.78556427057026
ENSG00000000351	294.8475240695995	342.7191970487701	463.60845983828057	237.42577226396318	41.16972482057902	124.25592147467032
ENSG00000000352	311.7115473145094	381.50962947097423	253.06089005993195	320.76306219352665	340.806350541365	20.978777555482598
ENSG00000000353	237.80252742417647	438.5557905797657	29.93460093467617	337.38995693750076	275.7961841111811	359.65694371143445
ENSG00000000354	445.66076819930635	444.17584064692124	411.3633022345342	216.3972129322	89.12267998659576	359.33129601780655
ENSG00000000355	376.8326256297448	74.44840569776767	370.4372732552753	370.55721756866814	271.15505271368613	428.1200982558942
ENSG00000000356	451.12664459854807	89.27461977591486	87.99549425415907	46.39430520061721	460.0662217574093	82.34961766348471
ENSG00000000357	267.53117585491776	46.501172285029284	295.81886682048264	211.61851931524114	116.59410176834974	340.31241941220577
ENSG00000000358	234.84617461619197	244.60675138218957	483.7771432806275	157.46082721357595	496.3453114345571	419.35347221581384
ENSG00000000359	80.46764427975944	176.0437028962834	157.26955478102485	365.4618642526568	132.9889950506501	139.85132449389567
ENSG00000000360	368.1107562658283	387.80396377299365	367.42602768369926	248.0979608588069	371.9095998122647	295.5682652286388
ENSG00000000361	428.7276573116703	353.62355660444206	306.5776714870018	309.49815943074645	146.54520097240595	295.8723671844062
ENSG00000000362	487.54960327749757	473.1484351131343	60.46364464644438	196.94344396531883	113.71618410523612	386.1587514285366
ENSG00000000363	280.11268335168995	443.5820107080628	64.2948520395827	310.5744262555967	242.3580062677614	293.01519713513466
ENSG00000000364	408.1890461388543	422.4747434409849	0.17841345899351382	427.3045878274892	490.2076787387218	383.155545878068
ENSG00000000365	98.27022087777797	148.46236209661103	49.40865082242303	494.53575563149343	207.2637080813205	451.2828951172469
ENSG00000000366	384.9361776172526	177.32522590387785	129.66768782609128	227.7504398758437	167.36287416419745	278.3941826448598
ENSG00000000367	14.899224880050824	311.6137489027325	443.75206971816715	112.53557357073318	172.00066781563336	456.0772847398233
ENSG00000000368	348.3806230028298	6.8870626445816745	205.36114118725604	60.75177952439948	117.8991346433433	383.8227875782745
ENSG00000000369	43.82452780373751	166.10259072801367	79.53680572302312	384.3733470308331	194.22525620147502	241.10916577642115
ENSG00000000370	67.95706460203841	453.84036850140376	434.1657404151221	394.50561883584714	415.809009710771	497.8062240599709
ENSG00000000371	269.5908364894999	433.9987903856597	438.34465216284605	240.02419461345463	88.40039746962633	283.95862806478607
ENSG00000000372	392.49126536046	335.6434201151741	358.57355916019884	94.1527486525174	52.310312310610556	153.7309164289423
ENSG00000000373	271.0703854614634	107.3943537799131	96.31683701566361	492.6790993654235	377.7848977925852	180.0119236772851
ENSG00000000374	61.50651032812029	75.36238864868929	198.45791645286533	105.54140085459113	12.030236614051196	403.7380321052434
ENSG00000000375	130.2856886346124	430.34614418496574	470.502651840103	241.9830652142244	126.3172822240829	320.7428812446839
ENSG00000000376	474.4489791192454	376.33190728536727	76.95425033131426	411.7918686220094	281.6224273959465	228.82630313328698
ENSG00000000377	91.14332410220237	269.9066976993464	369.4135491904483	189.16951519726135	476.4909402061987	84.83113524963612
ENSG00000000378	10.89261117783477	253.63353451888972	85.5287245763404	321.04398713042013	216.77044142554826	205.58616967395835
ENSG00000000379	227.47432261322328	60.64008059734676	137.42527681121166	223.90497353964412	382.1392779923733	442.33739257125836
ENSG00000000380	135.735402965922	78.69320624033419	182.81501275128414	184.28631612770315	226.74564369742683	306.09003472025796
ENSG00000000381	211.51904690553278	127.07045473250322	40.636319879784715	401.8091492204478	369.48761256278857	427.7439664812423
ENSG00000000382	94.6838458212868	425.04417636034447	451.7435146985755	422.7035244998874	19.257939465793015	173.18425402517988
ENSG00000000383	483.77922361124405	269.3819042150192	384.7949934167809	154.56396546219761	223.65106662808896	191.71383263563158
ENSG00000000384	398.1938918537239	74.75755540863545	230.0771122509758	443.5690977846329	432.1536878593817	407.33878840876554
ENSG00000000385	52.96506065438922	290.19804982336234	161.2933594045042	485.61203816371363	288.8477960693342	450.6008122832189
ENSG00000000386	90.12126914849229	413.47593455530694	207.40031138979353	242.76145117235592	411.3434680806454	99.67311436824475
ENSG00000000387	81.55083257424876	25.9502964909178	269.9649279151175	349.27079956006764	464.19904441616717	384.2484627807105
ENSG00000000388	309.2797497923895	254.236457046957	228.39688925576868	218.63874681049174	402.9355177429957	178.2932042580668
ENSG00000000389	157.25180106774178	446.3508721091997	435.776894381742	368.3189556191549	327.3441629213261	182.00189057721565
ENSG00000000390	383.17482488270406	392.76083083726724	252.63285882541186	194.02190764708146	59.34288964700501	289.49509479005036
ENSG00000000391	260.4735587826442	318.6378834291507	6.8164000337567945	312.3128082532072	411.23579277800917	294.49389224645796
ENSG00000000392	226.01043020845628	497.8625478783533	306.99570708962483	399.0097029670764	111.11772856539139	97.073911470585
ENSG00000000393	461.7925917247614	463.68770299906066	64.23671722629736	481.81241341230077	364.5703228433544	149.60982407953597
ENSG00000000394	109.04520797648892	325.76785651187805	48.808872438718	355.3377863385163	411.10056536465464	254.54496696272912
ENSG00000000395	412.81089112767523	337.3242201488608	289.3279794672012	213.40776040557887	326.22783635070766	487.1719929549003
ENSG00000000396	58.99807776552587	84.44329675178747	331.54187532531176	492.2855809016104	249.84382261563027	198.07546758809127
ENSG00000000397	480.19631107575316	139.4910356670959	164.49467490797883	211.03746008105858	259.7116221260369	27.111944254391705
ENSG00000000398	201.35161534618908	291.38320168831126	61.9234438730158	230.61853758100034	153.71337384292121	55.850018375311365
ENSG00000000399	458.01571232777553	179.0492956661895	246.50041622738638	262.4242024615855	83.04682282813079	283.2881760758712
ENSG00000000400	122.99901472181027	302.5704333305217	58.74921310780501	396.02224986190913	431.74481788441125	490.20776821357043
ENSG00000000401	447.75815114833586	332.1212502943544	72.39296934398925	43.751918334611915	39.62467743767712	419.9955947153128
ENSG00000000402	382.4537537862779	111.34820973586197	118.32771893301693	48.393540872288746	485.9297847644365	125.65045427798788
ENSG00000000403	423.87156056949675	382.608960831986	401.08868894215396	314.34369264285425	106.66005162431982	110.22036237267092
ENSG00000000404	466.8088507431176	276.7657673745196	335.37771494370145	265.26687782498476	171.30130105075895	352.28560283885474
ENSG00000000405	429.76442183938804	116.96280343019956	81.36157923104471	33.05027065464615	451.5921196290351	343.67754365012235
ENSG00000000406	355.3509849261708	27.268133460743062	199.3684199285724	28.74662236333738	344.5054870985556	171.27041884390033
ENSG00000000407	490.35578310060356	360.4600501845872	71.43284271600723	91.14636370652065	61.031703224750956	124.82550428262276
ENSG00000000408	485.5914468770004	492.6852202373349	143.5235532347904	122.17818443454048	128.3679878839638	252.97615623933632
ENSG00000000409	240.9049847539473	224.27395260749662	39.89218743602348	129.25694542154443	227.150780492867	107.89902065572015
ENSG00000000410	312.3119298607127	77.07707588543718	179.65088598075855	379.50559823059285	295.8560338038136	456.2005172527356
ENSG00000000411	144.25772725566998	5.253483162324311	253.18285807785026	110.70401661858101	61.70705039523999	9.002367545299446
ENSG00000000412	293.32923847887713	193.18629505489517	161.72138278836465	190.7771952997672	381.6042712678782	116.14418472911557
ENSG00000000413	254.88811884573013	496.99789405176244	25.05728235816561	328.85815847827644	341.4331244922457	211.42854754836722
ENSG00000000414	403.6212418054137	335.7367999999486	356.16741274429086	64.79245372165403	273.7256040147498	83.74859611593563
ENSG00000000415	39.93183801627612	212.31466167679503	49.440135049952126	0.295361453775008	485.562656962786	438.4616209631533
ENSG00000000416	93.02528572825996	75.02808979047859	171.59652927722726	56.403322585824476	169.53262399118086	352.70747593913865
ENSG00000000417	119.78889129538442	389.3271913499031	461.4516671083857	19.11089531426699	270.3401206885739	38.32949248981742
ENSG00000000418	275.61378701443505	18.703870845267186	248.68722825061008	213.55607592217814	478.8262670732753	90.93889992986345
ENSG00000000419	54.30317309183878	36.61374540213047	69.91002974091415	293.1777617300084	486.6752262403778	297.91622185053114
ENSG00000000420	326.0109212334367	307.73578041980596	87.76158230962419	472.2968406461954	495.91523933088257	78.16002598761075
ENSG00000000421	124.4956347349854	285.18098857574006	459.5432468619941	290.53513433190653	188.67748780843033	190.03292860609827
ENSG00000000422	200.12133367099926	465.3577945166551	385.554638367538	400.31794026453883	21.672213949181888	154.82338015308306
ENSG00000000423	391.802871744428	59.36858430053513	130.8278323419595	411.44630710906324	279.3063529406654	272.08910486741576
ENSG00000000424	147.65175259222312	46.43148199395773	432.5357209303302	90.8769594806704	263.3752095502241	296.2625582499845
ENSG00000000425	238.5566679473447	406.76964046930914	2.602985765680398	181.34045252655196	350.1362026027665	24.209242976272876
ENSG00000000426	460.47643917702584	189.50869419269685	297.6165022312502	4.8295874916182475	269.71771284259074	103.33663240376373
ENSG00000000427	167.96166852300627	468.949066554769	358.97275323920246	323.0577447406282	494.3728912362743	89.47002501336013
ENSG00000000428	30.54313896324422	384.30474016587874	11.632565436473108	389.62086571565	253.10490679052378	113.53713732975802
ENSG00000000429	320.20234517727613	247.11006710399084	94.7574813255204	402.9717554911434	144.68723039548163	122.5828978108506
ENSG00000000430	347.8615361028932	209.84769759556016	171.89082295921742	280.0716080267476	329.78585468923063	62.28623028223344
ENSG00000000431	447.6654469505533	186.24632549155768	97.76341026833197	64.79950817424442	449.57759403990036	31.88193423266361
ENSG00000000432	354.3627528836675	10.302978849780967	439.3991439593599	455.211636984628	133.71725304095614	31.1633504757277
ENSG00000000433	19.700756537809973	479.03212928476773	320.7069817263489	476.2772710186667	240.23898682041605	401.0842463955439
ENSG00000000434	474.30074287771595	125.63608647995788	44.9337110064559	140.45378567313398	274.0469566244041	347.75545419965334
ENSG00000000435	487.8394370930188	392.3870622053908	43.834670957055245	460.2929666420708	422.49183347390226	107.66739717570685
ENSG00000000436	446.17125954335336	113.66428653295934	262.291579376289	384.53679515846767	47.979697521931364	353.71390271343506
ENSG00000000437	258.9282836203112	254.85896092342102	309.4156197369229	37.94282534370639	63.726620144120815	88.38120618961166
ENSG00000000438	75.9000625594025	224.66009270599932	300.1285314901486	66.99848139806487	372.47866720003793	424.3297294825986
ENSG00000000439	48.41044640061941	84.22658668154047	184.72179568091133	328.5560627540666	42.807344503020175	173.71562990159046
ENSG00000000440	495.4206807982149	260.1530877949939	86.72147577688271	305.8431680464215	178.29149549191354	444.85929312813533
ENSG00000000441	475.2945580943324	117.71298294358613	459.4429053505569	387.9224652129428	77.89504962860153	413.11474565659194
ENSG00000000442	88.97136434910428	4.949663484408579	388.98294082666655	173.13413816401652	460.8320447808523	221.499683978808
ENSG00000000443	305.2601449184611	372.93840752651005	422.2166709049154	88.79715932660238	102.13759847005518	443.9297132267229
ENSG00000000444	146.05409456293123	318.6618143448376	35.538975200862176	333.915304363559	93.18740147114154	398.9274389555141
ENSG00000000445	371.0128283635501	294.0499177315883	75.33626848662813	132.68010630423592	21.188275368251983	157.58259476832038
ENSG00000000446	190.39619181783252	232.6712480190764	498.38128211852205	362.67612330124456	196.5238427305116	422.8538818688154
ENSG00000000447	183.30340817928146	181.28247110756075	31.942570650684313	367.627660828613	101.24376287691744	117.64525229345638
ENSG00000000448	173.20704148073375	410.9853368410192	430.33370723475576	275.5029970554571	462.80185740684385	213.66253793264354
ENSG00000000449	302.4735754308493	464.6285769335653	260.6996664239335	230.5376679929725	14.582323142085357	440.2787678612934
ENSG00000000450	94.57704649811465	228.56844296712683	397.04563762541665	256.376950382871	390.5139907674664	418.3802731808687
ENSG00000000451	427.6620368420336	39.87903365542658	103.3583829263854	454.74644317111	131.45524455762822	353.3579678168268
ENSG00000000452	264.57285599558946	468.4972137742189	127.78003262632095	403.14365221678486	204.884659601053	120.28429194169019
ENSG00000000453	245.48180476890985	270.5085762808371	55.200030038330176	96.18088954326451	454.62908530387745	332.8862232253554
ENSG00000000454	352.0962656414461	177.04680570068209	269.9304555314201	19.363048478857014	71.71243894218098	487.7638496443946
ENSG00000000455	104.86438584288166	245.49517998088476	465.2065357628409	326.7023878950631	83.1629378459814	224.69681878698415
ENSG00000000456	231.39928927977124	237.83500611136412	420.7226531038683	277.89056925953224	382.91950717556784	182.6700977967152
ENSG00000000457	347.9721700938189	214.17147515348432	383.72903514941953	367.74819061046054	170.24762527263468	178.2838963682607
ENSG00000000458	411.4939485422938	298.81927825475634	307.9675514474517	479.2802006403235	111.74583182686366	261.03078106774393
ENSG00000000459	97.94106972650815	119.87259888602995	304.55142574076825	57.6698485243813	74.62215742124161	121.80715302204568
ENSG00000000460	254.08635815709755	479.55179948007174	340.49255681561596	326.6767690327214	184.98409111578553	44.755411737892594
ENSG00000000461	397.80319371980414	19.543757689083225	369.52201053395765	181.62305710540443	238.2026225308848	260.0836296437426
ENSG00000000462	122.89102206040268	334.0921179260371	139.6202853987078	73.04142907495097	180.06251596473848	417.4613640024989
ENSG00000000463	208.19171971926852	481.7411183552153	18.690068118547263	9.267751243204145	448.1518108956984	96.12345629819562
ENSG00000000464	108.3110573538038	390.95389583469967	90.46208494381382	307.1885301343266	22.459543155702477	437.96227153680167
ENSG00000000465	285.4377781390994	224.56547488862833	181.58222045678755	156.36364878690935	132.13606144764677	487.5846795158652
ENSG00000000466	152.6347226503932	118.90841979129515	228.98739723453468	128.7849558743445	135.8385573751791	132.76273534400713
ENSG00000000467	69.00760980823797	443.4512408352709	92.17239595009904	11.04631662823727	388.82439984813715	225.83006030947178
ENSG00000000468	177.14327007730915	266.5650963674576	278.41898131020497	192.50434968837453	425.76719414994506	421.4130447796975
ENSG00000000469	182.74078431919762	111.12900843820672	243.28842322768145	78.18073523954146	141.23236725894537	191.64106165041034
ENSG00000000470	191.47820029081902	89.79086661834725	254.79158985042176	306.94402141742	305.8762944006105	401.1527909915915
ENSG00000000471	38.674483160658674	78.52988029508855	218.5403933266449	241.4607062221555	102.81214637012371	149.74540978354875
ENSG00000000472	79.78154797420385	271.4130014068293	238.6338292872123	344.00027406300654	315.28784998443797	135.5174993538871
ENSG00000000473	380.1370241501946	75.99848976523084	315.2333089209802	310.0662857488298	117.77924589582037	97.76950306845649
ENSG00000000474	53.464720799879956	310.22418313177525	182.05087539095246	499.3580871496279	317.5079093701647	5.04920375966541
ENSG00000000475	186.97133394009205	7.201281385481088	313.310088934868	458.8183179465162	372.491407754701	132.74276822622429
ENSG00000000476	89.44137280859536	438.70455972900197	59.75799882505249	354.95001294051633	122.24910265915983	150.8586180997987
ENSG00000000477	23.464193970539213	85.03333276542448	19.751059919785703	260.29343445192904	225.00309618883853	266.2587781037144
ENSG00000000478	32.76386324754276	403.0702567580419	62.16427531667468	415.9666628632524	161.12222311218537	222.02806232505412
ENSG00000000479	326.35394165176905	302.74061876139626	282.9478716200937	200.13537539964776	239.97501960378344	32.858120838399095
ENSG00000000480	81.12353886318704	366.4097717763215	336.1620929817439	168.4710105101715	396.2137837086105	403.09930161904634
ENSG00000000481	263.7991586732724	489.92610613224093	133.3438304007645	147.43966776828125	4.762253052263946	75.01427014425882
ENSG00000000482	408.9991899860837	314.6636255798115	95.150687095965	338.678891846143	81.86222052797966	203.40667658187067
ENSG00000000483	499.0349474807837	158.21842189780978	339.65570604578886	3.131453078273234	149.82583966133677	152.87666479023738
ENSG00000000484	418.99909982948435	85.31080938668295	161.12430740672795	81.59926446827521	238.26238665936074	136.05607581355048
ENSG00000000485	89.16011456156	215.821067328359	236.49756647132418	154.59251901223362	483.4254332402705	72.88462571888076
ENSG00000000486	356.9669540907412	263.7186082931122	192.4124948129544	337.0963451047416	76.9432379263146	465.04961200801824
ENSG00000000487	416.5911929439224	372.01262095819015	479.14201951398417	470.37361286359044	101.049775204376	443.2988318249854
ENSG00000000488	395.6426910075965	216.94377529819667	265.69141429870984	281.08253319819596	259.056122254709	212.2999521322615
ENSG00000000489	311.2608377748977	411.7870979714575	476.64442035295764	333.037235783159	473.31207398601134	481.26660061128877
ENSG00000000490	325.21144644014095	141.6517890373335	259.34401429277267	452.0769729195284	63.60114879918578	371.2599757748552
ENSG00000000491	473.08092078498004	358.8996021848158	474.0910458460771	361.17072080604385	493.1868968959899	480.4781145348467
ENSG00000000492	313.79825358734223	300.0812881964819	448.44329628868377	385.1996662555028	298.9775341710787	357.0056226124004
ENSG00000000493	35.37246255253032	477.6117330472699	212.57631049257836	44.92512587203148	189.4906740484033	257.0211390197111
ENSG00000000494	498.34691516967496	300.0552981060364	22.750927295646836	36.21269893037697	204.00312818033274	432.1661487809138
ENSG00000000495	180.1649537791743	492.2111984003497	7.243263597972683	273.7033543919014	488.35107258524397	241.74581802260136
ENSG00000000496	253.95328773785948	159.7782951980138	400.15127688078286	465.13986272965326	213.6111137789157	456.4189975445545
ENSG00000000497	69.89295649621424	337.4858727788478	153.81621353363343	53.06513199729054	308.56366505535124	271.7478992620515
ENSG00000000498	283.6868767687783	368.80848335799413	237.89638962103072	190.52912444939616	370.6341908623008	361.7609894707013
ENSG00000000499	263.52489815647516	309.9914517221813	254.3471655615686	313.0513069295527	199.83798771230363	406.95009322368
ENSG00000000500	353.468689702074	356.51427404558024	490.51108158842504	252.27554537653222	475.2496972463408	198.25667805703347
